﻿<?xml version="1.0" encoding="utf-8"?><index><stem n="60-m"><phr n="60-m"><ent r="3" t="7" w="53" /></phr></stem><stem n="15"><phr n="15"><ent r="3" t="7" w="60" /></phr></stem><stem n="15-m"><phr n="15-m"><ent r="3" t="7" w="60" /></phr></stem><stem n="panchromat"><phr n="panchromatic"><ent r="3" t="7" w="62" /><ent r="3" t="7" w="137" /></phr></stem><stem n="swath"><phr n="swath"><ent r="3" t="7" w="66" /><ent r="3" t="8" w="84" /></phr></stem><stem n="width"><phr n="width"><ent r="3" t="7" w="67" /><ent r="3" t="8" w="85" /><ent r="4" t="35" w="411" /></phr><phr n="Width"><ent r="4" t="37" w="241" /></phr></stem><stem n="185km"><phr n="185km"><ent r="3" t="7" w="69" /><ent r="3" t="8" w="87" /></phr></stem><stem n="place"><phr n="places"><ent r="3" t="7" w="73" /><ent r="3" t="8" w="91" /></phr></stem><stem n="own"><phr n="own"><ent r="3" t="7" w="80" /><ent r="3" t="8" w="98" /><ent r="3" t="10" w="35" /><ent r="3" t="47" w="34" /></phr></stem><stem n="header"><phr n="header"><ent r="3" t="7" w="84" /><ent r="3" t="7" w="127" /><ent r="3" t="7" w="133" /><ent r="3" t="8" w="102" /><ent r="4" t="8" w="355" /><ent r="4" t="15" w="54" /><ent r="4" t="21" w="168" /></phr></stem><stem n="administr"><phr n="administrative"><ent r="3" t="7" w="88" /><ent r="3" t="7" w="123" /><ent r="3" t="8" w="106" /></phr></stem><stem n="radiometr"><phr n="radiometric"><ent r="3" t="7" w="89" /><ent r="3" t="8" w="107" /></phr></stem><stem n="geometr"><phr n="geometric"><ent r="3" t="7" w="91" /><ent r="3" t="8" w="109" /></phr></stem><stem n="must"><phr n="must"><ent r="3" t="7" w="93" /><ent r="3" t="8" w="111" /><ent r="3" t="11" w="108" /><ent r="3" t="11" w="238" /><ent r="4" t="11" w="256" /><ent r="3" t="16" w="32" /><ent r="3" t="23" w="138" /><ent r="5" t="25" w="64" /><ent r="3" t="25" w="297" /><ent r="3" t="29" w="24" /><ent r="3" t="29" w="111" /><ent r="3" t="30" w="485" /><ent r="3" t="31" w="216" /><ent r="4" t="31" w="473" /><ent r="3" t="33" w="148" /><ent r="3" t="33" w="167" /><ent r="3" t="35" w="119" /><ent r="3" t="46" w="510" /><ent r="3" t="47" w="184" /><ent r="3" t="55" w="70" /></phr></stem><stem n="individu"><phr n="individual"><ent r="3" t="7" w="98" /><ent r="3" t="8" w="116" /><ent r="3" t="28" w="216" /><ent r="3" t="32" w="143" /><ent r="3" t="38" w="37" /><ent r="4" t="47" w="379" /></phr><phr n="individually"><ent r="4" t="11" w="271" /></phr></stem><stem n="previou"><phr n="previous"><ent r="3" t="7" w="108" /><ent r="3" t="34" w="232" /><ent r="3" t="34" w="273" /></phr><phr n="Previous"><ent r="6" t="25" w="190" /><ent r="64" t="25" w="513" /><ent r="1000" t="51" w="2" /><ent r="92" t="51" w="6" /></phr></stem><stem n="4"><phr n="4"><ent r="3" t="7" w="113" /><ent r="6" t="7" w="215" /><ent r="6" t="7" w="255" /><ent r="6" t="8" w="183" /><ent r="6" t="8" w="223" /><ent r="4" t="12" w="380" /></phr></stem><stem n="section"><phr n="section"><ent r="3" t="7" w="124" /><ent r="3" t="46" w="230" /><ent r="3" t="47" w="208" /></phr></stem><stem n="(vnir)/short"><phr n="(VNIR)/Short"><ent r="3" t="7" w="145" /></phr></stem><stem n="short"><phr n="Short"><ent r="3" t="7" w="145" /></phr></stem><stem n="wave"><phr n="Wave"><ent r="3" t="7" w="146" /></phr></stem><stem n="swir"><phr n="SWIR"><ent r="3" t="7" w="148" /></phr></stem><stem n="(swir)"><phr n="(SWIR)"><ent r="3" t="7" w="149" /></phr></stem><stem n="group"><phr n="groups"><ent r="3" t="7" w="150" /><ent r="3" t="39" w="15" /><ent r="3" t="39" w="174" /></phr><phr n="group"><ent r="3" t="21" w="23" /><ent r="3" t="47" w="101" /><ent r="4" t="48" w="28" /></phr><phr n="Group"><ent r="4" t="37" w="214" /><ent r="3" t="37" w="305" /><ent r="3" t="37" w="582" /></phr><phr n="grouped"><ent r="3" t="39" w="155" /></phr></stem><stem n="0"><phr n="0"><ent r="6" t="7" w="163" /><ent r="6" t="7" w="165" /><ent r="6" t="7" w="186" /><ent r="6" t="7" w="188" /><ent r="6" t="7" w="204" /><ent r="6" t="7" w="206" /><ent r="6" t="7" w="217" /><ent r="6" t="7" w="219" /><ent r="6" t="7" w="290" /><ent r="6" t="7" w="292" /><ent r="6" t="8" w="131" /><ent r="6" t="8" w="133" /><ent r="6" t="8" w="154" /><ent r="6" t="8" w="156" /><ent r="6" t="8" w="172" /><ent r="6" t="8" w="174" /><ent r="6" t="8" w="185" /><ent r="6" t="8" w="187" /><ent r="4" t="29" w="356" /><ent r="4" t="29" w="373" /><ent r="4" t="30" w="585" /><ent r="4" t="30" w="608" /><ent r="4" t="31" w="554" /><ent r="4" t="31" w="567" /><ent r="4" t="36" w="324" /></phr></stem><stem n="45"><phr n="45"><ent r="6" t="7" w="164" /><ent r="6" t="8" w="132" /></phr></stem><stem n="45-0"><phr n="45-0"><ent r="6" t="7" w="164" /><ent r="6" t="8" w="132" /></phr></stem><stem n=".45-0.52"><phr n=".45-0.52"><ent r="6" t="7" w="166" /><ent r="6" t="8" w="134" /></phr></stem><stem n="0.45-0.52"><phr n="0.45-0.52"><ent r="6" t="7" w="166" /><ent r="6" t="7" w="163" /><ent r="6" t="8" w="134" /><ent r="6" t="8" w="131" /></phr></stem><stem n="52"><phr n="52"><ent r="6" t="7" w="166" /><ent r="6" t="7" w="187" /><ent r="6" t="8" w="134" /><ent r="6" t="8" w="155" /></phr></stem><stem n="-green"><phr n="-green"><ent r="6" t="7" w="168" /><ent r="6" t="7" w="168" /><ent r="6" t="8" w="136" /><ent r="6" t="8" w="136" /></phr></stem><stem n="blue"><phr n="Blue"><ent r="6" t="7" w="168" /><ent r="6" t="8" w="136" /></phr></stem><stem n="blue-green"><phr n="Blue-green"><ent r="6" t="7" w="168" /><ent r="6" t="8" w="136" /></phr></stem><stem n="green"><phr n="green"><ent r="6" t="7" w="169" /><ent r="6" t="8" w="137" /></phr><phr n="Green"><ent r="6" t="7" w="191" /><ent r="6" t="8" w="159" /></phr></stem><stem n="bathymetr"><phr n="Bathymetric"><ent r="6" t="7" w="171" /><ent r="6" t="8" w="139" /></phr></stem><stem n="map"><phr n="mapping"><ent r="6" t="7" w="172" /><ent r="6" t="7" w="263" /><ent r="6" t="8" w="140" /><ent r="6" t="8" w="231" /></phr><phr n="Mapping"><ent r="6" t="7" w="279" /><ent r="6" t="8" w="247" /></phr><phr n="map"><ent r="4" t="30" w="856" /></phr></stem><stem n="distinguish"><phr n="distinguishing"><ent r="6" t="7" w="174" /><ent r="6" t="8" w="142" /></phr></stem><stem n="soil"><phr n="soil"><ent r="6" t="7" w="175" /><ent r="6" t="7" w="245" /><ent r="6" t="7" w="266" /><ent r="6" t="8" w="143" /><ent r="6" t="8" w="213" /><ent r="6" t="8" w="234" /></phr></stem><stem n="veget"><phr n="vegetation"><ent r="6" t="7" w="177" /><ent r="6" t="7" w="182" /><ent r="6" t="7" w="195" /><ent r="6" t="7" w="212" /><ent r="6" t="7" w="247" /><ent r="6" t="8" w="145" /><ent r="6" t="8" w="150" /><ent r="6" t="8" w="163" /><ent r="6" t="8" w="180" /><ent r="6" t="8" w="215" /><ent r="3" t="12" w="64" /></phr></stem><stem n="decidu"><phr n="deciduous"><ent r="6" t="7" w="179" /><ent r="6" t="8" w="147" /></phr></stem><stem n="conifer"><phr n="coniferous"><ent r="6" t="7" w="181" /><ent r="6" t="8" w="149" /></phr></stem><stem n="52-0"><phr n="52-0"><ent r="6" t="7" w="187" /><ent r="6" t="8" w="155" /></phr></stem><stem n=".52-0.60"><phr n=".52-0.60"><ent r="6" t="7" w="189" /><ent r="6" t="8" w="157" /></phr></stem><stem n="0.52-0.60"><phr n="0.52-0.60"><ent r="6" t="7" w="189" /><ent r="6" t="7" w="186" /><ent r="6" t="8" w="157" /><ent r="6" t="8" w="154" /></phr></stem><stem n="emphas"><phr n="Emphasizes"><ent r="6" t="7" w="193" /><ent r="6" t="7" w="225" /><ent r="6" t="8" w="161" /><ent r="6" t="8" w="193" /></phr></stem><stem n="peak"><phr n="peak"><ent r="6" t="7" w="194" /><ent r="6" t="8" w="162" /></phr></stem><stem n=";"><phr n=";"><ent r="6" t="7" w="196" /><ent r="6" t="7" w="248" /><ent r="6" t="8" w="164" /><ent r="6" t="8" w="216" /><ent r="3" t="30" w="141" /><ent r="3" t="30" w="249" /></phr></stem><stem n="assess"><phr n="assessing"><ent r="6" t="7" w="198" /><ent r="6" t="8" w="166" /></phr></stem><stem n="plant"><phr n="plant"><ent r="6" t="7" w="199" /><ent r="6" t="8" w="167" /></phr></stem><stem n="vigor"><phr n="vigor"><ent r="6" t="7" w="200" /><ent r="6" t="8" w="168" /></phr></stem><stem n="3"><phr n="3"><ent r="6" t="7" w="202" /><ent r="6" t="8" w="170" /></phr></stem><stem n="63"><phr n="63"><ent r="6" t="7" w="205" /></phr></stem><stem n="63-0"><phr n="63-0"><ent r="6" t="7" w="205" /></phr></stem><stem n=".63-0.69"><phr n=".63-0.69"><ent r="6" t="7" w="207" /></phr></stem><stem n="0.63-0.69"><phr n="0.63-0.69"><ent r="6" t="7" w="207" /><ent r="6" t="7" w="204" /></phr></stem><stem n="69"><phr n="69"><ent r="6" t="7" w="207" /><ent r="6" t="8" w="175" /></phr></stem><stem n="red"><phr n="Red"><ent r="6" t="7" w="209" /><ent r="6" t="8" w="177" /></phr><phr n="red"><ent r="3" t="23" w="80" /></phr></stem><stem n="discrimin"><phr n="Discriminates"><ent r="6" t="7" w="211" /><ent r="6" t="7" w="241" /><ent r="6" t="8" w="179" /><ent r="6" t="8" w="209" /></phr></stem><stem n="slope"><phr n="slopes"><ent r="6" t="7" w="213" /><ent r="6" t="8" w="181" /></phr></stem><stem n="76"><phr n="76"><ent r="6" t="7" w="218" /><ent r="6" t="8" w="186" /></phr></stem><stem n="76-0"><phr n="76-0"><ent r="6" t="7" w="218" /><ent r="6" t="8" w="186" /></phr></stem><stem n=".76-0.90"><phr n=".76-0.90"><ent r="6" t="7" w="220" /><ent r="6" t="8" w="188" /></phr></stem><stem n="0.76-0.90"><phr n="0.76-0.90"><ent r="6" t="7" w="220" /><ent r="6" t="7" w="217" /><ent r="6" t="8" w="188" /><ent r="6" t="8" w="185" /></phr></stem><stem n="90"><phr n="90"><ent r="6" t="7" w="220" /><ent r="6" t="7" w="293" /><ent r="6" t="8" w="188" /></phr></stem><stem n="biomass"><phr n="biomass"><ent r="6" t="7" w="226" /><ent r="6" t="8" w="194" /></phr></stem><stem n="content"><phr n="content"><ent r="6" t="7" w="227" /><ent r="6" t="7" w="243" /><ent r="6" t="8" w="195" /><ent r="6" t="8" w="211" /></phr></stem><stem n="shorelin"><phr n="shorelines"><ent r="6" t="7" w="229" /><ent r="6" t="8" w="197" /></phr></stem><stem n="55"><phr n="55"><ent r="6" t="7" w="234" /><ent r="6" t="8" w="202" /></phr></stem><stem n="55-1"><phr n="55-1"><ent r="6" t="7" w="234" /><ent r="6" t="8" w="202" /></phr></stem><stem n=".55-1.75"><phr n=".55-1.75"><ent r="6" t="7" w="236" /><ent r="6" t="8" w="204" /></phr></stem><stem n="1.55-1.75"><phr n="1.55-1.75"><ent r="6" t="7" w="236" /><ent r="6" t="7" w="233" /><ent r="6" t="8" w="204" /><ent r="6" t="8" w="201" /></phr></stem><stem n="75"><phr n="75"><ent r="6" t="7" w="236" /><ent r="6" t="8" w="204" /></phr></stem><stem n="moistur"><phr n="moisture"><ent r="6" t="7" w="242" /><ent r="6" t="7" w="267" /><ent r="6" t="8" w="210" /><ent r="6" t="8" w="235" /></phr></stem><stem n="penetr"><phr n="penetrates"><ent r="6" t="7" w="248" /><ent r="6" t="8" w="216" /></phr></stem><stem n="thin"><phr n="thin"><ent r="6" t="7" w="249" /><ent r="6" t="8" w="217" /></phr></stem><stem n="cloud"><phr n="clouds"><ent r="6" t="7" w="250" /><ent r="6" t="8" w="218" /></phr></stem><stem n="6"><phr n="6"><ent r="6" t="7" w="252" /><ent r="3" t="8" w="76" /><ent r="6" t="8" w="220" /></phr></stem><stem n="10"><phr n="10"><ent r="6" t="7" w="254" /><ent r="6" t="8" w="222" /><ent r="3" t="38" w="215" /><ent r="3" t="50" w="93" /></phr></stem><stem n="4-12"><phr n="4-12"><ent r="6" t="7" w="255" /><ent r="6" t="8" w="223" /></phr></stem><stem n="12"><phr n="12"><ent r="6" t="7" w="256" /><ent r="6" t="8" w="224" /></phr></stem><stem n=".4-12.5"><phr n=".4-12.5"><ent r="6" t="7" w="257" /><ent r="6" t="8" w="225" /></phr></stem><stem n="10.4-12.5"><phr n="10.4-12.5"><ent r="6" t="7" w="257" /><ent r="6" t="7" w="254" /><ent r="6" t="8" w="225" /><ent r="6" t="8" w="222" /></phr></stem><stem n="estim"><phr n="estimated"><ent r="6" t="7" w="265" /><ent r="6" t="8" w="233" /><ent r="3" t="55" w="227" /></phr><phr n="Estimate"><ent r="5" t="25" w="81" /><ent r="64" t="25" w="502" /><ent r="1000" t="49" w="1" /><ent r="92" t="49" w="5" /></phr><phr n="estimates"><ent r="4" t="25" w="86" /></phr><phr n="estimate"><ent r="4" t="25" w="119" /><ent r="3" t="49" w="72" /><ent r="3" t="54" w="17" /></phr><phr n="Estimator"><ent r="1000" t="28" w="5" /><ent r="100" t="28" w="11" /><ent r="102" t="28" w="17" /><ent r="3" t="28" w="22" /><ent r="5" t="28" w="28" /><ent r="5" t="29" w="40" /><ent r="3" t="29" w="74" /><ent r="3" t="29" w="212" /><ent r="3" t="29" w="263" /><ent r="3" t="29" w="304" /><ent r="64" t="29" w="493" /><ent r="5" t="54" w="13" /><ent r="64" t="54" w="216" /></phr><phr n="estimating"><ent r="3" t="49" w="33" /></phr></stem><stem n="08"><phr n="08"><ent r="6" t="7" w="272" /><ent r="6" t="8" w="240" /></phr></stem><stem n="08-2"><phr n="08-2"><ent r="6" t="7" w="272" /><ent r="6" t="8" w="240" /></phr></stem><stem n=".08-2.35"><phr n=".08-2.35"><ent r="6" t="7" w="274" /><ent r="6" t="8" w="242" /></phr></stem><stem n="2.08-2.35"><phr n="2.08-2.35"><ent r="6" t="7" w="274" /><ent r="6" t="7" w="271" /><ent r="6" t="8" w="242" /><ent r="6" t="8" w="239" /></phr></stem><stem n="35"><phr n="35"><ent r="6" t="7" w="274" /><ent r="6" t="8" w="242" /></phr></stem><stem n="hydrotherm"><phr n="hydrothermally"><ent r="6" t="7" w="280" /><ent r="6" t="8" w="248" /></phr></stem><stem n="alter"><phr n="altered"><ent r="6" t="7" w="281" /><ent r="6" t="8" w="249" /></phr></stem><stem n="rock"><phr n="rocks"><ent r="6" t="7" w="282" /><ent r="6" t="8" w="250" /></phr></stem><stem n="associ"><phr n="associated"><ent r="6" t="7" w="283" /><ent r="6" t="8" w="251" /><ent r="3" t="35" w="600" /><ent r="3" t="35" w="631" /><ent r="4" t="36" w="402" /><ent r="3" t="41" w="54" /><ent r="3" t="44" w="145" /><ent r="3" t="45" w="93" /><ent r="3" t="45" w="133" /><ent r="4" t="47" w="365" /><ent r="3" t="60" w="136" /><ent r="3" t="60" w="317" /></phr></stem><stem n="miner"><phr n="mineral"><ent r="6" t="7" w="285" /><ent r="6" t="8" w="253" /></phr></stem><stem n="deposit"><phr n="deposits"><ent r="6" t="7" w="286" /><ent r="6" t="8" w="254" /></phr></stem><stem n="50"><phr n="50"><ent r="6" t="7" w="291" /><ent r="4" t="30" w="624" /></phr></stem><stem n="50-0"><phr n="50-0"><ent r="6" t="7" w="291" /></phr></stem><stem n=".50-0.90"><phr n=".50-0.90"><ent r="6" t="7" w="293" /></phr></stem><stem n="0.50-0.90"><phr n="0.50-0.90"><ent r="6" t="7" w="293" /><ent r="6" t="7" w="290" /></phr></stem><stem n="sharpen"><phr n="sharpening"><ent r="6" t="7" w="297" /></phr></stem><stem n="multispectr"><phr n="multispectral"><ent r="6" t="7" w="300" /><ent r="3" t="8" w="38" /><ent r="4" t="39" w="69" /></phr></stem><stem n="cube"><phr n="cube"><ent r="3" t="7" w="315" /><ent r="3" t="7" w="335" /><ent r="4" t="7" w="409" /><ent r="3" t="7" w="417" /><ent r="3" t="11" w="33" /><ent r="4" t="11" w="150" /><ent r="3" t="11" w="182" /><ent r="3" t="13" w="103" /><ent r="3" t="13" w="126" /><ent r="3" t="28" w="38" /><ent r="3" t="28" w="52" /><ent r="4" t="29" w="55" /><ent r="4" t="29" w="413" /><ent r="4" t="29" w="419" /><ent r="4" t="30" w="188" /><ent r="3" t="30" w="214" /><ent r="3" t="30" w="248" /><ent r="3" t="30" w="285" /><ent r="4" t="30" w="654" /><ent r="4" t="30" w="660" /><ent r="3" t="31" w="39" /><ent r="3" t="31" w="53" /><ent r="4" t="31" w="233" /><ent r="4" t="31" w="595" /><ent r="4" t="31" w="601" /><ent r="3" t="57" w="100" /><ent r="3" t="57" w="361" /></phr><phr n="cubes"><ent r="3" t="55" w="119" /></phr></stem><stem n="structur"><phr n="structure"><ent r="3" t="7" w="321" /><ent r="3" t="8" w="276" /><ent r="3" t="21" w="34" /><ent r="4" t="34" w="70" /></phr></stem><stem n="will"><phr n="will"><ent r="3" t="7" w="327" /><ent r="3" t="8" w="282" /><ent r="3" t="11" w="347" /><ent r="3" t="11" w="359" /><ent r="3" t="11" w="398" /><ent r="4" t="12" w="301" /><ent r="4" t="12" w="314" /><ent r="4" t="12" w="334" /><ent r="3" t="12" w="453" /><ent r="3" t="25" w="287" /><ent r="3" t="25" w="313" /><ent r="3" t="25" w="385" /><ent r="3" t="25" w="397" /><ent r="3" t="25" w="447" /><ent r="3" t="25" w="470" /><ent r="3" t="25" w="475" /><ent r="3" t="25" w="499" /><ent r="4" t="25" w="525" /><ent r="4" t="26" w="71" /><ent r="4" t="26" w="83" /><ent r="3" t="26" w="94" /><ent r="3" t="26" w="107" /><ent r="3" t="26" w="126" /><ent r="4" t="29" w="460" /><ent r="4" t="29" w="466" /><ent r="3" t="30" w="241" /><ent r="3" t="30" w="413" /><ent r="3" t="30" w="444" /><ent r="3" t="30" w="457" /><ent r="4" t="30" w="740" /><ent r="4" t="30" w="749" /><ent r="4" t="31" w="638" /><ent r="4" t="31" w="646" /><ent r="3" t="34" w="159" /><ent r="3" t="34" w="266" /><ent r="3" t="34" w="294" /><ent r="4" t="35" w="524" /><ent r="4" t="35" w="541" /><ent r="4" t="35" w="663" /><ent r="4" t="35" w="694" /><ent r="3" t="36" w="377" /><ent r="4" t="36" w="472" /><ent r="4" t="36" w="485" /><ent r="4" t="39" w="74" /><ent r="3" t="39" w="153" /><ent r="3" t="39" w="468" /><ent r="3" t="41" w="60" /><ent r="3" t="42" w="98" /><ent r="3" t="42" w="111" /><ent r="3" t="42" w="128" /><ent r="3" t="43" w="154" /><ent r="3" t="44" w="159" /><ent r="3" t="44" w="170" /><ent r="3" t="44" w="222" /><ent r="3" t="45" w="543" /><ent r="3" t="45" w="620" /><ent r="3" t="48" w="96" /><ent r="3" t="49" w="67" /><ent r="3" t="49" w="86" /><ent r="3" t="50" w="30" /><ent r="3" t="51" w="13" /><ent r="3" t="54" w="44" /><ent r="3" t="54" w="61" /><ent r="3" t="59" w="47" /><ent r="3" t="59" w="78" /><ent r="3" t="59" w="98" /></phr></stem><stem n="ani"><phr n="any"><ent r="3" t="7" w="330" /><ent r="3" t="8" w="285" /><ent r="3" t="13" w="65" /><ent r="3" t="24" w="174" /><ent r="3" t="34" w="300" /><ent r="4" t="36" w="382" /><ent r="4" t="42" w="54" /><ent r="3" t="46" w="438" /><ent r="3" t="47" w="488" /></phr></stem><stem n="main"><phr n="main"><ent r="4" t="7" w="347" /><ent r="4" t="8" w="301" /><ent r="4" t="34" w="52" /><ent r="3" t="55" w="93" /></phr></stem><stem n="applic"><phr n="application"><ent r="4" t="7" w="348" /><ent r="4" t="8" w="302" /><ent r="4" t="34" w="53" /></phr><phr n="Application"><ent r="4" t="39" w="100" /></phr></stem><stem n="hdr"><phr n="hdr"><ent r="4" t="7" w="392" /><ent r="4" t="8" w="343" /><ent r="4" t="15" w="76" /><ent r="4" t="21" w="193" /></phr></stem><stem n="*.hdr,"><phr n="*.hdr,"><ent r="4" t="7" w="393" /></phr></stem><stem n="htm"><phr n="htm"><ent r="4" t="7" w="393" /></phr></stem><stem n="htm.fst"><phr n="htm.fst"><ent r="4" t="7" w="394" /><ent r="4" t="7" w="393" /></phr></stem><stem n="fst"><phr n="fst"><ent r="4" t="7" w="394" /><ent r="4" t="7" w="396" /><ent r="4" t="7" w="399" /></phr></stem><stem n="htm.fst,"><phr n="htm.fst,"><ent r="4" t="7" w="394" /><ent r="4" t="7" w="393" /></phr></stem><stem n="*htm.fst,"><phr n="*htm.fst,"><ent r="4" t="7" w="395" /></phr></stem><stem n="hrf"><phr n="hrf"><ent r="4" t="7" w="395" /></phr></stem><stem n="hrf.fst"><phr n="hrf.fst"><ent r="4" t="7" w="396" /><ent r="4" t="7" w="395" /></phr></stem><stem n="hrf.fst,"><phr n="hrf.fst,"><ent r="4" t="7" w="396" /><ent r="4" t="7" w="395" /></phr></stem><stem n="*hrf.fst,"><phr n="*hrf.fst,"><ent r="4" t="7" w="397" /></phr></stem><stem n="hpn"><phr n="hpn"><ent r="4" t="7" w="398" /></phr></stem><stem n="hpn.fst"><phr n="hpn.fst"><ent r="4" t="7" w="399" /><ent r="4" t="7" w="398" /></phr></stem><stem n="hpn.fst."><phr n="hpn.fst."><ent r="4" t="7" w="399" /><ent r="4" t="7" w="398" /></phr></stem><stem n="*.hpn.fst."><phr n="*.hpn.fst."><ent r="4" t="7" w="400" /></phr></stem><stem n="refer"><phr n="References"><ent r="64" t="7" w="423" /><ent r="64" t="11" w="438" /><ent r="64" t="30" w="922" /><ent r="64" t="57" w="421" /><ent r="1000" t="58" w="2" /><ent r="1000" t="61" w="2" /></phr><phr n="Reference"><ent r="64" t="8" w="370" /><ent r="3" t="60" w="290" /></phr><phr n="reference"><ent r="3" t="12" w="80" /><ent r="3" t="12" w="95" /><ent r="3" t="57" w="341" /><ent r="3" t="57" w="398" /><ent r="3" t="60" w="283" /><ent r="3" t="60" w="320" /></phr></stem><stem n="(tm)"><phr n="(TM)"><ent r="3" t="8" w="25" /></phr></stem><stem n="scan"><phr n="scanning"><ent r="3" t="8" w="39" /></phr></stem><stem n="servic"><phr n="service"><ent r="3" t="8" w="45" /></phr></stem><stem n="sinc"><phr n="since"><ent r="3" t="8" w="46" /><ent r="3" t="25" w="411" /><ent r="3" t="57" w="124" /></phr><phr n="Since"><ent r="3" t="24" w="140" /><ent r="4" t="25" w="92" /></phr></stem><stem n="1984"><phr n="1984"><ent r="3" t="8" w="47" /></phr></stem><stem n="-dai"><phr n="-day"><ent r="3" t="8" w="51" /><ent r="3" t="8" w="51" /></phr></stem><stem n="16"><phr n="16"><ent r="3" t="8" w="51" /></phr></stem><stem n="16-dai"><phr n="16-day"><ent r="3" t="8" w="51" /></phr></stem><stem n="dai"><phr n="day"><ent r="3" t="8" w="52" /></phr></stem><stem n="repeat"><phr n="repeat"><ent r="3" t="8" w="53" /></phr><phr n="Repeat"><ent r="4" t="16" w="162" /></phr></stem><stem n="cycl"><phr n="cycle"><ent r="3" t="8" w="54" /></phr></stem><stem n="seven"><phr n="seven"><ent r="3" t="8" w="61" /></phr></stem><stem n="meter"><phr n="meters"><ent r="3" t="8" w="70" /><ent r="3" t="8" w="81" /></phr></stem><stem n="(the"><phr n="(the"><ent r="3" t="8" w="71" /><ent r="3" t="45" w="584" /></phr></stem><stem n="resampl"><phr n="resampled"><ent r="3" t="8" w="78" /></phr></stem><stem n="60-0"><phr n="60-0"><ent r="6" t="8" w="173" /></phr></stem><stem n=".60-0.69"><phr n=".60-0.69"><ent r="6" t="8" w="175" /></phr></stem><stem n="0.60-0.69"><phr n="0.60-0.69"><ent r="6" t="8" w="175" /><ent r="6" t="8" w="172" /></phr></stem><stem n="*.hdr"><phr n="*.hdr"><ent r="4" t="8" w="343" /></phr></stem><stem n="h"><phr n="h"><ent r="4" t="8" w="345" /></phr><phr n="H"><ent r="4" t="58" w="26" /></phr></stem><stem n="dat"><phr n="dat"><ent r="4" t="8" w="346" /><ent r="4" t="15" w="74" /><ent r="4" t="21" w="191" /></phr></stem><stem n="*.dat."><phr n="*.dat."><ent r="4" t="8" w="347" /></phr></stem><stem n="read"><phr n="reads"><ent r="3" t="9" w="15" /></phr><phr n="read"><ent r="3" t="13" w="72" /><ent r="3" t="25" w="449" /><ent r="4" t="26" w="73" /><ent r="3" t="51" w="46" /></phr></stem><stem n="(creat"><phr n="(created"><ent r="3" t="9" w="20" /></phr></stem><stem n="creat"><phr n="created"><ent r="3" t="9" w="20" /><ent r="3" t="11" w="175" /><ent r="3" t="12" w="455" /><ent r="4" t="30" w="812" /><ent r="3" t="34" w="291" /><ent r="4" t="36" w="522" /><ent r="3" t="42" w="100" /><ent r="3" t="44" w="161" /><ent r="3" t="55" w="72" /><ent r="3" t="55" w="82" /></phr><phr n="create"><ent r="4" t="11" w="273" /><ent r="3" t="13" w="22" /><ent r="100" t="14" w="10" /><ent r="64" t="16" w="42" /><ent r="3" t="23" w="139" /><ent r="3" t="25" w="299" /><ent r="3" t="29" w="28" /><ent r="3" t="29" w="112" /><ent r="3" t="30" w="486" /><ent r="3" t="31" w="220" /><ent r="4" t="31" w="474" /><ent r="3" t="32" w="35" /><ent r="3" t="35" w="120" /><ent r="3" t="39" w="250" /></phr><phr n="Create"><ent r="65" t="13" w="167" /><ent r="1000" t="14" w="1" /><ent r="102" t="14" w="14" /><ent r="4" t="14" w="56" /><ent r="64" t="15" w="292" /><ent r="64" t="16" w="283" /><ent r="64" t="17" w="90" /><ent r="64" t="20" w="174" /><ent r="5" t="32" w="107" /><ent r="4" t="32" w="114" /><ent r="4" t="35" w="144" /><ent r="4" t="36" w="297" /><ent r="5" t="36" w="465" /><ent r="4" t="37" w="527" /><ent r="4" t="43" w="29" /><ent r="4" t="44" w="46" /><ent r="3" t="47" w="173" /></phr><phr n="creating"><ent r="3" t="21" w="74" /></phr><phr n="Creating"><ent r="92" t="32" w="82" /></phr></stem><stem n="sig"><phr n="sig"><ent r="3" t="9" w="30" /><ent r="3" t="9" w="87" /><ent r="5" t="9" w="166" /><ent r="3" t="9" w="184" /><ent r="3" t="46" w="43" /><ent r="3" t="46" w="148" /><ent r="3" t="46" w="287" /><ent r="3" t="46" w="575" /></phr></stem><stem n=".sig,"><phr n=".sig,"><ent r="3" t="9" w="31" /><ent r="3" t="9" w="185" /></phr></stem><stem n="elm"><phr n="elm"><ent r="3" t="9" w="31" /><ent r="3" t="9" w="88" /><ent r="5" t="9" w="167" /><ent r="3" t="9" w="185" /></phr><phr n="ELM"><ent r="1000" t="11" w="4" /><ent r="102" t="11" w="10" /><ent r="100" t="11" w="13" /><ent r="65" t="11" w="20" /><ent r="3" t="11" w="39" /><ent r="3" t="11" w="71" /><ent r="3" t="11" w="87" /><ent r="3" t="11" w="145" /><ent r="5" t="11" w="167" /><ent r="3" t="11" w="171" /><ent r="4" t="11" w="332" /><ent r="3" t="11" w="341" /><ent r="4" t="11" w="409" /><ent r="64" t="11" w="434" /><ent r="65" t="30" w="262" /><ent r="64" t="31" w="168" /><ent r="1000" t="60" w="1" /><ent r="102" t="60" w="5" /><ent r="64" t="60" w="9" /><ent r="65" t="60" w="36" /><ent r="3" t="60" w="278" /><ent r="1000" t="61" w="1" /></phr></stem><stem n=".elm,"><phr n=".elm,"><ent r="3" t="9" w="32" /><ent r="3" t="9" w="186" /></phr></stem><stem n="(*.sig"><phr n="(*.sig"><ent r="3" t="9" w="87" /><ent r="5" t="9" w="166" /><ent r="3" t="46" w="287" /></phr></stem><stem n="*.elm"><phr n="*.elm"><ent r="3" t="9" w="88" /><ent r="5" t="9" w="167" /></phr></stem><stem n="*.txt)"><phr n="*.txt)"><ent r="3" t="9" w="90" /><ent r="5" t="9" w="169" /></phr></stem><stem n="’"><phr n="’"><ent r="3" t="10" w="35" /><ent r="3" t="47" w="34" /></phr></stem><stem n="slb"><phr n="slb"><ent r="3" t="10" w="41" /><ent r="3" t="10" w="144" /><ent r="5" t="10" w="223" /><ent r="3" t="10" w="240" /><ent r="4" t="15" w="136" /><ent r="4" t="21" w="260" /><ent r="3" t="47" w="40" /><ent r="3" t="47" w="258" /><ent r="3" t="47" w="277" /><ent r="3" t="47" w="311" /></phr></stem><stem n="(*.slb)"><phr n="(*.slb)"><ent r="3" t="10" w="42" /><ent r="3" t="10" w="145" /><ent r="5" t="10" w="224" /><ent r="3" t="47" w="41" /><ent r="3" t="47" w="259" /></phr></stem><stem n="insid"><phr n="inside"><ent r="3" t="10" w="85" /><ent r="3" t="32" w="145" /></phr></stem><stem n=".slb"><phr n=".slb"><ent r="3" t="10" w="240" /></phr></stem><stem n="empir"><phr n="Empirical"><ent r="1000" t="11" w="1" /><ent r="102" t="11" w="7" /><ent r="3" t="11" w="16" /><ent r="5" t="11" w="22" /><ent r="3" t="11" w="209" /><ent r="64" t="30" w="83" /><ent r="5" t="30" w="264" /><ent r="5" t="60" w="38" /><ent r="3" t="60" w="164" /></phr><phr n="empirical"><ent r="4" t="61" w="58" /></phr></stem><stem n="line"><phr n="Line"><ent r="1000" t="11" w="2" /><ent r="102" t="11" w="8" /><ent r="3" t="11" w="17" /><ent r="5" t="11" w="23" /><ent r="3" t="11" w="210" /><ent r="64" t="30" w="84" /><ent r="5" t="30" w="265" /><ent r="5" t="60" w="39" /><ent r="3" t="60" w="165" /></phr><phr n="line"><ent r="4" t="22" w="118" /><ent r="4" t="22" w="126" /><ent r="3" t="23" w="74" /><ent r="3" t="23" w="81" /><ent r="3" t="23" w="97" /><ent r="4" t="61" w="59" /></phr></stem><stem n="method"><phr n="Method"><ent r="1000" t="11" w="3" /><ent r="102" t="11" w="9" /><ent r="3" t="11" w="18" /><ent r="5" t="11" w="24" /><ent r="3" t="11" w="211" /><ent r="64" t="30" w="85" /><ent r="5" t="30" w="266" /><ent r="4" t="37" w="331" /><ent r="5" t="60" w="40" /></phr><phr n="method"><ent r="3" t="11" w="119" /><ent r="4" t="12" w="145" /><ent r="4" t="12" w="151" /><ent r="4" t="25" w="55" /><ent r="5" t="25" w="68" /><ent r="4" t="25" w="126" /><ent r="3" t="25" w="480" /><ent r="3" t="25" w="490" /><ent r="3" t="46" w="22" /><ent r="3" t="57" w="21" /><ent r="3" t="57" w="119" /><ent r="4" t="61" w="60" /></phr></stem><stem n="(elm)"><phr n="(ELM)"><ent r="1000" t="11" w="5" /><ent r="102" t="11" w="11" /></phr></stem><stem n="calibr"><phr n="Calibration"><ent r="1000" t="11" w="5" /><ent r="102" t="11" w="11" /><ent r="3" t="60" w="166" /></phr><phr n="calibration"><ent r="3" t="11" w="95" /><ent r="3" t="11" w="223" /><ent r="3" t="11" w="244" /><ent r="4" t="11" w="299" /><ent r="4" t="11" w="327" /></phr></stem></index>