﻿<?xml version="1.0" encoding="utf-8"?><index><stem n="go"><phr n="Going"><ent r="4" t="2" w="142" /></phr><phr n="go"><ent r="4" t="2" w="234" /><ent r="4" t="3" w="71" /><ent r="4" t="4" w="31" /><ent r="4" t="5" w="55" /><ent r="4" t="6" w="34" /><ent r="4" t="7" w="350" /><ent r="4" t="8" w="304" /><ent r="4" t="9" w="149" /><ent r="4" t="10" w="207" /><ent r="4" t="12" w="114" /><ent r="4" t="34" w="55" /><ent r="3" t="37" w="201" /><ent r="4" t="54" w="121" /></phr><phr n="Go"><ent r="4" t="3" w="55" /><ent r="4" t="5" w="39" /><ent r="4" t="22" w="24" /><ent r="4" t="29" w="57" /><ent r="4" t="32" w="89" /><ent r="4" t="32" w="265" /><ent r="4" t="32" w="328" /><ent r="4" t="35" w="421" /><ent r="3" t="35" w="772" /><ent r="3" t="35" w="794" /><ent r="3" t="35" w="814" /><ent r="4" t="36" w="308" /><ent r="4" t="39" w="103" /><ent r="3" t="40" w="46" /><ent r="4" t="45" w="46" /><ent r="4" t="54" w="163" /></phr></stem><stem n="menu"><phr n="menu"><ent r="4" t="2" w="148" /><ent r="4" t="7" w="356" /><ent r="3" t="22" w="68" /><ent r="4" t="34" w="61" /><ent r="3" t="34" w="324" /><ent r="4" t="36" w="350" /><ent r="4" t="36" w="357" /><ent r="4" t="36" w="469" /><ent r="4" t="36" w="514" /><ent r="3" t="36" w="602" /><ent r="3" t="45" w="602" /></phr></stem><stem n="(*.spectrum.txt)"><phr n="(*.spectrum.txt)"><ent r="3" t="2" w="172" /><ent r="5" t="2" w="252" /></phr></stem><stem n="type"><phr n="Type"><ent r="3" t="2" w="176" /><ent r="5" t="12" w="365" /></phr><phr n="type"><ent r="4" t="2" w="239" /><ent r="3" t="2" w="266" /><ent r="3" t="7" w="332" /><ent r="3" t="8" w="287" /><ent r="3" t="9" w="94" /><ent r="5" t="9" w="155" /><ent r="3" t="9" w="183" /><ent r="3" t="10" w="149" /><ent r="4" t="10" w="212" /><ent r="3" t="10" w="239" /><ent r="4" t="12" w="370" /><ent r="3" t="15" w="255" /><ent r="3" t="19" w="83" /><ent r="5" t="20" w="86" /><ent r="4" t="46" w="271" /><ent r="4" t="47" w="250" /></phr><phr n="types"><ent r="4" t="7" w="390" /><ent r="4" t="8" w="341" /><ent r="3" t="13" w="71" /><ent r="3" t="46" w="279" /></phr></stem><stem n="field"><phr n="field"><ent r="3" t="2" w="177" /><ent r="4" t="3" w="77" /><ent r="4" t="5" w="61" /><ent r="3" t="15" w="246" /><ent r="3" t="34" w="131" /><ent r="3" t="34" w="340" /><ent r="3" t="34" w="363" /><ent r="4" t="35" w="551" /><ent r="3" t="37" w="456" /><ent r="4" t="37" w="561" /><ent r="3" t="46" w="273" /><ent r="3" t="46" w="300" /><ent r="4" t="46" w="351" /><ent r="3" t="46" w="559" /><ent r="3" t="46" w="583" /><ent r="3" t="47" w="274" /><ent r="4" t="47" w="334" /><ent r="3" t="60" w="287" /><ent r="3" t="60" w="291" /></phr><phr n="fields"><ent r="3" t="32" w="50" /><ent r="3" t="39" w="239" /></phr></stem><stem n="if"><phr n="If"><ent r="4" t="2" w="187" /><ent r="4" t="9" w="103" /><ent r="4" t="10" w="160" /><ent r="3" t="11" w="170" /><ent r="3" t="11" w="354" /><ent r="3" t="11" w="384" /><ent r="4" t="12" w="304" /><ent r="3" t="12" w="444" /><ent r="4" t="20" w="94" /><ent r="3" t="25" w="305" /><ent r="3" t="25" w="438" /><ent r="3" t="25" w="460" /><ent r="4" t="25" w="516" /><ent r="3" t="26" w="132" /><ent r="3" t="29" w="9" /><ent r="3" t="29" w="96" /><ent r="3" t="29" w="151" /><ent r="4" t="29" w="399" /><ent r="3" t="30" w="161" /><ent r="3" t="30" w="211" /><ent r="3" t="30" w="233" /><ent r="3" t="30" w="269" /><ent r="3" t="30" w="305" /><ent r="3" t="30" w="470" /><ent r="4" t="30" w="640" /><ent r="4" t="30" w="799" /><ent r="4" t="30" w="864" /><ent r="4" t="31" w="264" /><ent r="4" t="31" w="308" /><ent r="4" t="31" w="458" /><ent r="4" t="31" w="581" /><ent r="3" t="32" w="158" /><ent r="3" t="34" w="258" /><ent r="4" t="35" w="247" /><ent r="4" t="35" w="640" /><ent r="4" t="35" w="685" /><ent r="3" t="35" w="765" /><ent r="3" t="36" w="360" /><ent r="4" t="36" w="388" /><ent r="3" t="37" w="381" /><ent r="3" t="37" w="433" /><ent r="3" t="39" w="214" /><ent r="3" t="39" w="265" /><ent r="3" t="39" w="325" /><ent r="3" t="39" w="359" /><ent r="4" t="39" w="388" /><ent r="3" t="39" w="527" /><ent r="3" t="42" w="66" /><ent r="3" t="42" w="91" /><ent r="3" t="42" w="102" /><ent r="3" t="43" w="97" /><ent r="3" t="44" w="151" /><ent r="3" t="44" w="208" /><ent r="3" t="44" w="225" /><ent r="3" t="45" w="98" /><ent r="3" t="45" w="138" /><ent r="3" t="45" w="210" /><ent r="3" t="45" w="236" /><ent r="3" t="45" w="530" /><ent r="3" t="46" w="358" /><ent r="3" t="46" w="386" /><ent r="3" t="46" w="396" /><ent r="3" t="46" w="408" /><ent r="3" t="46" w="435" /><ent r="3" t="46" w="500" /><ent r="4" t="47" w="153" /><ent r="3" t="47" w="195" /><ent r="4" t="47" w="336" /><ent r="3" t="47" w="408" /><ent r="3" t="47" w="436" /><ent r="3" t="47" w="446" /><ent r="3" t="47" w="458" /><ent r="3" t="47" w="485" /><ent r="4" t="48" w="9" /><ent r="3" t="48" w="30" /><ent r="3" t="48" w="67" /><ent r="3" t="48" w="89" /><ent r="3" t="49" w="56" /><ent r="3" t="50" w="7" /><ent r="3" t="55" w="78" /><ent r="3" t="57" w="377" /></phr><phr n="if"><ent r="3" t="11" w="123" /><ent r="5" t="12" w="184" /><ent r="4" t="12" w="291" /><ent r="3" t="30" w="224" /><ent r="4" t="30" w="889" /><ent r="3" t="31" w="201" /><ent r="3" t="34" w="371" /><ent r="4" t="35" w="508" /><ent r="4" t="35" w="528" /><ent r="3" t="37" w="302" /><ent r="3" t="37" w="347" /><ent r="3" t="37" w="364" /><ent r="3" t="37" w="406" /><ent r="3" t="37" w="423" /><ent r="3" t="37" w="494" /><ent r="3" t="39" w="295" /><ent r="3" t="46" w="374" /><ent r="3" t="46" w="477" /><ent r="4" t="47" w="381" /><ent r="3" t="47" w="424" /><ent r="3" t="57" w="406" /><ent r="3" t="59" w="38" /><ent r="3" t="59" w="69" /></phr></stem><stem n="right"><phr n="right"><ent r="4" t="2" w="195" /><ent r="4" t="9" w="111" /><ent r="4" t="10" w="168" /><ent r="4" t="19" w="50" /><ent r="4" t="20" w="43" /><ent r="3" t="22" w="71" /><ent r="4" t="22" w="104" /><ent r="4" t="25" w="151" /><ent r="3" t="34" w="313" /><ent r="4" t="36" w="340" /><ent r="3" t="36" w="587" /><ent r="3" t="45" w="264" /><ent r="3" t="45" w="289" /><ent r="3" t="45" w="572" /><ent r="4" t="46" w="206" /><ent r="4" t="46" w="523" /><ent r="4" t="47" w="161" /><ent r="4" t="54" w="126" /><ent r="4" t="54" w="150" /></phr><phr n="Right"><ent r="4" t="22" w="141" /><ent r="4" t="36" w="451" /><ent r="4" t="36" w="501" /></phr></stem><stem n="...."><phr n="...."><ent r="5" t="2" w="203" /><ent r="5" t="10" w="176" /></phr></stem><stem n="&gt;&gt;"><phr n="&gt;&gt;"><ent r="5" t="2" w="208" /><ent r="5" t="9" w="124" /><ent r="5" t="10" w="181" /></phr></stem><stem n="brows"><phr n="Browse"><ent r="5" t="2" w="214" /><ent r="5" t="9" w="131" /><ent r="5" t="10" w="187" /><ent r="5" t="12" w="163" /><ent r="4" t="12" w="432" /><ent r="5" t="16" w="104" /><ent r="5" t="25" w="237" /><ent r="4" t="29" w="220" /><ent r="4" t="30" w="383" /><ent r="4" t="31" w="375" /><ent r="5" t="35" w="279" /><ent r="3" t="51" w="15" /></phr><phr n="browse"><ent r="3" t="2" w="256" /><ent r="3" t="9" w="173" /><ent r="3" t="10" w="228" /><ent r="5" t="12" w="167" /><ent r="4" t="12" w="436" /><ent r="5" t="25" w="240" /><ent r="3" t="29" w="224" /><ent r="3" t="30" w="387" /><ent r="3" t="31" w="379" /><ent r="4" t="35" w="283" /><ent r="3" t="37" w="418" /></phr></stem><stem n="…"><phr n="…"><ent r="5" t="2" w="215" /><ent r="5" t="9" w="132" /><ent r="5" t="10" w="188" /><ent r="4" t="30" w="384" /><ent r="4" t="31" w="376" /><ent r="4" t="46" w="111" /><ent r="5" t="46" w="216" /><ent r="4" t="46" w="246" /><ent r="5" t="46" w="533" /><ent r="4" t="47" w="91" /><ent r="4" t="47" w="224" /><ent r="5" t="47" w="350" /></phr></stem><stem n="-down"><phr n="-down"><ent r="4" t="2" w="240" /><ent r="4" t="2" w="240" /><ent r="4" t="7" w="373" /><ent r="4" t="7" w="373" /><ent r="4" t="8" w="324" /><ent r="4" t="8" w="324" /><ent r="4" t="9" w="157" /><ent r="4" t="9" w="157" /><ent r="4" t="10" w="213" /><ent r="4" t="10" w="213" /><ent r="4" t="11" w="264" /><ent r="4" t="11" w="264" /><ent r="4" t="20" w="76" /><ent r="4" t="20" w="76" /><ent r="5" t="25" w="176" /><ent r="5" t="25" w="176" /><ent r="4" t="25" w="266" /><ent r="4" t="25" w="266" /><ent r="3" t="29" w="130" /><ent r="3" t="29" w="130" /><ent r="4" t="29" w="431" /><ent r="4" t="29" w="431" /><ent r="3" t="30" w="509" /><ent r="3" t="30" w="509" /><ent r="4" t="30" w="671" /><ent r="4" t="30" w="671" /><ent r="4" t="31" w="492" /><ent r="4" t="31" w="492" /><ent r="4" t="31" w="613" /><ent r="4" t="31" w="613" /><ent r="3" t="37" w="190" /><ent r="3" t="37" w="190" /><ent r="4" t="37" w="567" /><ent r="4" t="37" w="567" /><ent r="4" t="37" w="624" /><ent r="4" t="37" w="624" /><ent r="3" t="38" w="179" /><ent r="3" t="38" w="179" /><ent r="4" t="46" w="263" /><ent r="4" t="46" w="263" /><ent r="3" t="46" w="568" /><ent r="3" t="46" w="568" /><ent r="4" t="47" w="235" /><ent r="4" t="47" w="235" /><ent r="4" t="48" w="21" /><ent r="4" t="48" w="21" /><ent r="3" t="49" w="27" /><ent r="3" t="49" w="27" /><ent r="4" t="54" w="205" /><ent r="4" t="54" w="205" /></phr></stem><stem n="drop"><phr n="drop"><ent r="4" t="2" w="240" /><ent r="4" t="7" w="373" /><ent r="4" t="8" w="324" /><ent r="4" t="9" w="157" /><ent r="4" t="10" w="213" /><ent r="4" t="11" w="264" /><ent r="4" t="20" w="76" /><ent r="5" t="25" w="176" /><ent r="4" t="25" w="266" /><ent r="3" t="29" w="130" /><ent r="4" t="29" w="431" /><ent r="3" t="30" w="509" /><ent r="4" t="30" w="671" /><ent r="4" t="31" w="492" /><ent r="4" t="31" w="613" /><ent r="3" t="37" w="190" /><ent r="4" t="37" w="567" /><ent r="4" t="37" w="624" /><ent r="3" t="38" w="179" /><ent r="4" t="46" w="263" /><ent r="3" t="46" w="568" /><ent r="4" t="47" w="235" /><ent r="4" t="48" w="21" /><ent r="3" t="49" w="27" /><ent r="4" t="54" w="205" /></phr></stem><stem n="drop-down"><phr n="drop-down"><ent r="4" t="2" w="240" /><ent r="4" t="7" w="373" /><ent r="4" t="8" w="324" /><ent r="4" t="9" w="157" /><ent r="4" t="10" w="213" /><ent r="4" t="11" w="264" /><ent r="4" t="20" w="76" /><ent r="5" t="25" w="176" /><ent r="4" t="25" w="266" /><ent r="3" t="29" w="130" /><ent r="4" t="29" w="431" /><ent r="3" t="30" w="509" /><ent r="4" t="30" w="671" /><ent r="4" t="31" w="492" /><ent r="4" t="31" w="613" /><ent r="3" t="37" w="190" /><ent r="4" t="37" w="567" /><ent r="4" t="37" w="624" /><ent r="3" t="38" w="179" /><ent r="4" t="46" w="263" /><ent r="3" t="46" w="568" /><ent r="4" t="47" w="235" /><ent r="4" t="48" w="21" /><ent r="3" t="49" w="27" /><ent r="4" t="54" w="205" /></phr></stem><stem n="down"><phr n="down"><ent r="4" t="2" w="241" /><ent r="4" t="7" w="374" /><ent r="4" t="8" w="325" /><ent r="4" t="9" w="158" /><ent r="4" t="10" w="214" /><ent r="4" t="11" w="265" /><ent r="4" t="20" w="77" /><ent r="5" t="25" w="177" /><ent r="4" t="25" w="267" /><ent r="3" t="29" w="131" /><ent r="4" t="29" w="432" /><ent r="3" t="30" w="510" /><ent r="4" t="30" w="672" /><ent r="4" t="31" w="493" /><ent r="4" t="31" w="614" /><ent r="3" t="37" w="191" /><ent r="4" t="37" w="568" /><ent r="4" t="37" w="625" /><ent r="3" t="38" w="180" /><ent r="4" t="46" w="264" /><ent r="3" t="46" w="569" /><ent r="4" t="47" w="236" /><ent r="4" t="48" w="22" /><ent r="3" t="49" w="28" /><ent r="3" t="50" w="73" /><ent r="4" t="54" w="206" /></phr></stem><stem n=".spectrum.txt"><phr n=".spectrum.txt"><ent r="3" t="2" w="268" /></phr></stem><stem n="navig"><phr n="Navigate"><ent r="4" t="2" w="272" /><ent r="4" t="3" w="84" /><ent r="4" t="5" w="70" /><ent r="4" t="7" w="401" /><ent r="4" t="8" w="348" /><ent r="4" t="9" w="191" /><ent r="4" t="10" w="244" /><ent r="4" t="16" w="115" /><ent r="4" t="19" w="64" /><ent r="4" t="20" w="57" /><ent r="4" t="46" w="328" /><ent r="4" t="46" w="542" /><ent r="4" t="47" w="313" /></phr><phr n="navigate"><ent r="4" t="15" w="180" /><ent r="3" t="29" w="236" /><ent r="3" t="31" w="392" /><ent r="4" t="35" w="295" /></phr><phr n="navigated"><ent r="4" t="47" w="387" /></phr></stem><stem n="on"><phr n="one"><ent r="4" t="2" w="276" /><ent r="4" t="11" w="270" /><ent r="3" t="11" w="355" /><ent r="4" t="12" w="150" /><ent r="64" t="16" w="45" /><ent r="3" t="23" w="95" /><ent r="4" t="25" w="147" /><ent r="4" t="25" w="153" /><ent r="4" t="29" w="331" /><ent r="4" t="30" w="560" /><ent r="4" t="31" w="528" /><ent r="4" t="33" w="261" /><ent r="4" t="35" w="99" /><ent r="4" t="43" w="36" /><ent r="4" t="44" w="53" /><ent r="3" t="44" w="158" /><ent r="3" t="47" w="124" /><ent r="3" t="59" w="116" /><ent r="3" t="60" w="184" /><ent r="3" t="60" w="193" /></phr><phr n="ones"><ent r="3" t="19" w="93" /></phr><phr n="One"><ent r="3" t="36" w="254" /></phr></stem><stem n="open"><phr n="Open"><ent r="5" t="2" w="285" /><ent r="5" t="3" w="95" /><ent r="5" t="5" w="81" /><ent r="5" t="7" w="412" /><ent r="5" t="8" w="359" /><ent r="5" t="9" w="204" /><ent r="5" t="10" w="256" /><ent r="4" t="11" w="147" /><ent r="4" t="15" w="177" /><ent r="5" t="15" w="195" /><ent r="5" t="16" w="148" /><ent r="5" t="22" w="58" /><ent r="5" t="26" w="66" /><ent r="4" t="29" w="52" /><ent r="4" t="29" w="246" /><ent r="4" t="30" w="185" /><ent r="3" t="30" w="410" /><ent r="4" t="31" w="230" /><ent r="3" t="31" w="401" /><ent r="5" t="35" w="305" /><ent r="4" t="51" w="43" /></phr><phr n="open"><ent r="3" t="13" w="109" /><ent r="3" t="13" w="124" /><ent r="3" t="13" w="129" /><ent r="3" t="34" w="41" /><ent r="3" t="37" w="498" /></phr><phr n="opening"><ent r="3" t="45" w="283" /></phr><phr n="opens"><ent r="4" t="46" w="252" /><ent r="4" t="47" w="227" /><ent r="4" t="47" w="353" /></phr></stem><stem n="name"><phr n="name"><ent r="4" t="2" w="291" /><ent r="4" t="2" w="306" /><ent r="4" t="4" w="91" /><ent r="4" t="9" w="210" /><ent r="4" t="10" w="263" /><ent r="4" t="10" w="278" /><ent r="5" t="12" w="173" /><ent r="4" t="12" w="419" /><ent r="4" t="12" w="442" /><ent r="3" t="12" w="447" /><ent r="4" t="14" w="64" /><ent r="4" t="15" w="227" /><ent r="4" t="15" w="230" /><ent r="3" t="15" w="238" /><ent r="3" t="15" w="251" /><ent r="3" t="15" w="259" /><ent r="4" t="18" w="58" /><ent r="3" t="19" w="86" /><ent r="5" t="20" w="91" /><ent r="5" t="25" w="199" /><ent r="3" t="25" w="567" /><ent r="3" t="29" w="251" /><ent r="3" t="29" w="289" /><ent r="4" t="29" w="326" /><ent r="3" t="30" w="347" /><ent r="3" t="30" w="453" /><ent r="4" t="30" w="555" /><ent r="3" t="31" w="405" /><ent r="3" t="31" w="442" /><ent r="4" t="31" w="523" /><ent r="3" t="32" w="47" /><ent r="3" t="32" w="54" /><ent r="3" t="32" w="133" /><ent r="5" t="32" w="369" /><ent r="4" t="35" w="310" /><ent r="4" t="35" w="344" /><ent r="5" t="35" w="505" /><ent r="4" t="35" w="513" /><ent r="4" t="35" w="522" /><ent r="4" t="36" w="479" /><ent r="4" t="36" w="495" /><ent r="3" t="39" w="412" /><ent r="3" t="41" w="70" /><ent r="3" t="42" w="83" /><ent r="3" t="44" w="104" /><ent r="3" t="45" w="578" /><ent r="4" t="46" w="298" /><ent r="3" t="46" w="318" /><ent r="4" t="46" w="344" /><ent r="5" t="46" w="349" /><ent r="3" t="46" w="416" /><ent r="3" t="47" w="187" /><ent r="3" t="47" w="266" /><ent r="4" t="47" w="271" /><ent r="3" t="47" w="281" /><ent r="3" t="47" w="284" /><ent r="3" t="47" w="294" /><ent r="4" t="47" w="327" /><ent r="5" t="47" w="332" /><ent r="4" t="47" w="402" /><ent r="3" t="47" w="466" /></phr><phr n="names"><ent r="3" t="7" w="120" /><ent r="3" t="10" w="56" /><ent r="4" t="35" w="419" /></phr><phr n="Name"><ent r="4" t="15" w="244" /><ent r="5" t="29" w="314" /><ent r="5" t="30" w="543" /><ent r="5" t="31" w="511" /><ent r="4" t="32" w="185" /><ent r="4" t="35" w="354" /><ent r="4" t="35" w="367" /></phr></stem><stem n="s"><phr n="s"><ent r="4" t="2" w="292" /><ent r="4" t="2" w="307" /><ent r="3" t="11" w="59" /><ent r="3" t="12" w="34" /><ent r="4" t="15" w="226" /><ent r="3" t="15" w="237" /><ent r="4" t="16" w="64" /><ent r="4" t="18" w="69" /><ent r="3" t="29" w="284" /><ent r="3" t="30" w="448" /><ent r="3" t="31" w="437" /><ent r="4" t="35" w="339" /><ent r="3" t="37" w="71" /><ent r="4" t="37" w="469" /><ent r="4" t="37" w="639" /><ent r="3" t="38" w="63" /><ent r="4" t="38" w="264" /><ent r="3" t="55" w="23" /><ent r="3" t="55" w="268" /><ent r="3" t="55" w="296" /><ent r="3" t="57" w="111" /><ent r="3" t="59" w="8" /></phr></stem><stem n="(s)"><phr n="(s)"><ent r="4" t="2" w="293" /><ent r="4" t="2" w="308" /><ent r="3" t="29" w="285" /><ent r="3" t="30" w="449" /><ent r="3" t="31" w="438" /><ent r="4" t="35" w="340" /></phr></stem><stem n="ad"><phr n="added"><ent r="4" t="2" w="294" /><ent r="4" t="9" w="212" /><ent r="4" t="10" w="265" /><ent r="4" t="16" w="156" /><ent r="3" t="34" w="250" /><ent r="3" t="34" w="268" /><ent r="4" t="35" w="398" /><ent r="3" t="44" w="92" /><ent r="3" t="44" w="186" /><ent r="3" t="45" w="232" /><ent r="3" t="45" w="244" /><ent r="3" t="45" w="342" /><ent r="3" t="45" w="605" /><ent r="3" t="45" w="622" /></phr><phr n="adding"><ent r="3" t="7" w="117" /><ent r="82" t="45" w="207" /><ent r="4" t="45" w="218" /></phr></stem><stem n="run"><phr n="runs"><ent r="4" t="2" w="316" /><ent r="4" t="9" w="238" /><ent r="4" t="10" w="287" /><ent r="4" t="12" w="487" /><ent r="4" t="30" w="699" /><ent r="4" t="30" w="851" /><ent r="3" t="37" w="293" /><ent r="4" t="37" w="466" /><ent r="4" t="37" w="636" /><ent r="4" t="38" w="261" /><ent r="3" t="39" w="421" /></phr><phr n="run"><ent r="4" t="11" w="331" /><ent r="4" t="12" w="105" /><ent r="3" t="29" w="33" /><ent r="4" t="29" w="403" /><ent r="4" t="29" w="461" /><ent r="4" t="30" w="644" /><ent r="4" t="30" w="741" /><ent r="4" t="30" w="802" /><ent r="4" t="31" w="585" /><ent r="4" t="31" w="639" /><ent r="3" t="33" w="211" /><ent r="3" t="35" w="49" /><ent r="3" t="35" w="125" /><ent r="3" t="35" w="132" /><ent r="4" t="36" w="327" /><ent r="3" t="37" w="106" /><ent r="3" t="37" w="169" /><ent r="3" t="37" w="182" /><ent r="3" t="37" w="351" /><ent r="3" t="37" w="519" /><ent r="3" t="38" w="108" /><ent r="3" t="38" w="158" /><ent r="3" t="38" w="171" /><ent r="4" t="39" w="55" /><ent r="3" t="39" w="204" /><ent r="3" t="39" w="229" /><ent r="3" t="39" w="279" /><ent r="3" t="39" w="378" /><ent r="4" t="39" w="392" /><ent r="3" t="39" w="451" /></phr><phr n="Run"><ent r="64" t="28" w="226" /><ent r="1000" t="29" w="1" /><ent r="102" t="29" w="4" /><ent r="64" t="37" w="204" /><ent r="92" t="37" w="510" /><ent r="4" t="54" w="92" /><ent r="64" t="54" w="218" /></phr><phr n="running"><ent r="3" t="31" w="177" /><ent r="4" t="34" w="400" /><ent r="4" t="37" w="143" /><ent r="3" t="37" w="197" /><ent r="4" t="37" w="471" /><ent r="4" t="37" w="641" /><ent r="4" t="38" w="142" /><ent r="4" t="38" w="266" /><ent r="3" t="39" w="259" /><ent r="3" t="39" w="487" /><ent r="4" t="54" w="181" /><ent r="3" t="55" w="75" /></phr></stem><stem n="progress"><phr n="progress"><ent r="4" t="2" w="332" /><ent r="4" t="9" w="250" /><ent r="4" t="10" w="303" /><ent r="4" t="11" w="412" /><ent r="4" t="11" w="424" /><ent r="4" t="15" w="200" /><ent r="4" t="19" w="103" /><ent r="4" t="19" w="117" /><ent r="4" t="20" w="144" /><ent r="4" t="20" w="158" /><ent r="4" t="29" w="464" /><ent r="4" t="29" w="479" /><ent r="4" t="30" w="766" /><ent r="4" t="30" w="777" /><ent r="4" t="31" w="644" /><ent r="4" t="31" w="661" /><ent r="3" t="35" w="724" /><ent r="3" t="46" w="431" /><ent r="3" t="46" w="461" /><ent r="3" t="47" w="481" /><ent r="3" t="47" w="511" /></phr></stem><stem n="indic"><phr n="indicating"><ent r="4" t="2" w="336" /><ent r="4" t="9" w="254" /><ent r="4" t="10" w="307" /><ent r="3" t="30" w="279" /><ent r="4" t="30" w="752" /><ent r="4" t="31" w="649" /></phr><phr n="indicates"><ent r="3" t="11" w="187" /></phr><phr n="indicate"><ent r="4" t="29" w="467" /></phr></stem><stem n="complet"><phr n="completed"><ent r="4" t="2" w="343" /><ent r="4" t="9" w="259" /><ent r="4" t="10" w="314" /></phr><phr n="completes"><ent r="4" t="11" w="410" /><ent r="4" t="30" w="764" /></phr><phr n="complete"><ent r="4" t="16" w="229" /><ent r="3" t="25" w="548" /><ent r="4" t="29" w="471" /><ent r="4" t="30" w="757" /><ent r="4" t="31" w="653" /></phr><phr n="completing"><ent r="4" t="25" w="539" /></phr><phr n="completion"><ent r="4" t="30" w="743" /><ent r="4" t="31" w="641" /></phr><phr n="completely"><ent r="3" t="33" w="173" /></phr></stem><stem n="close"><phr n="Close"><ent r="5" t="2" w="347" /><ent r="5" t="9" w="263" /><ent r="5" t="10" w="318" /><ent r="5" t="11" w="419" /><ent r="4" t="12" w="500" /><ent r="5" t="15" w="208" /><ent r="5" t="16" w="233" /><ent r="5" t="19" w="111" /><ent r="5" t="20" w="152" /><ent r="5" t="29" w="474" /><ent r="4" t="30" w="288" /><ent r="5" t="30" w="772" /><ent r="5" t="31" w="656" /><ent r="5" t="37" w="475" /><ent r="5" t="37" w="645" /><ent r="5" t="38" w="270" /><ent r="4" t="46" w="457" /><ent r="4" t="47" w="507" /></phr><phr n="close"><ent r="4" t="11" w="422" /><ent r="3" t="12" w="504" /><ent r="4" t="15" w="212" /><ent r="4" t="19" w="115" /><ent r="4" t="20" w="156" /><ent r="4" t="29" w="477" /><ent r="3" t="30" w="295" /><ent r="4" t="30" w="775" /><ent r="4" t="31" w="659" /><ent r="4" t="35" w="389" /><ent r="4" t="37" w="479" /><ent r="4" t="37" w="649" /><ent r="4" t="38" w="274" /></phr><phr n="closes"><ent r="3" t="16" w="262" /><ent r="3" t="46" w="467" /><ent r="3" t="47" w="519" /></phr><phr n="closely"><ent r="4" t="22" w="130" /></phr></stem><stem n="dg"><phr n="DG"><ent r="1000" t="3" w="1" /><ent r="102" t="3" w="4" /><ent r="100" t="3" w="7" /><ent r="65" t="3" w="18" /><ent r="64" t="3" w="101" /><ent r="64" t="4" w="118" /></phr></stem><stem n="digitalglob"><phr n="DigitalGlobe"><ent r="100" t="3" w="10" /><ent r="3" t="3" w="16" /><ent r="3" t="3" w="32" /><ent r="4" t="3" w="89" /></phr></stem><stem n="("><phr n="("><ent r="3" t="3" w="17" /><ent r="3" t="11" w="19" /><ent r="3" t="24" w="19" /><ent r="3" t="24" w="39" /><ent r="3" t="28" w="23" /><ent r="3" t="28" w="173" /><ent r="3" t="30" w="22" /><ent r="3" t="31" w="21" /><ent r="3" t="33" w="17" /><ent r="3" t="35" w="21" /><ent r="3" t="36" w="21" /><ent r="3" t="37" w="22" /><ent r="3" t="38" w="19" /><ent r="4" t="56" w="8" /><ent r="3" t="57" w="12" /><ent r="3" t="57" w="232" /><ent r="3" t="57" w="243" /><ent r="3" t="57" w="252" /><ent r="3" t="57" w="258" /></phr></stem><stem n="digit"><phr n="Digital"><ent r="5" t="3" w="20" /><ent r="1000" t="4" w="1" /><ent r="102" t="4" w="6" /><ent r="100" t="4" w="11" /><ent r="100" t="4" w="17" /><ent r="3" t="4" w="24" /><ent r="5" t="61" w="10" /></phr><phr n="digital"><ent r="3" t="4" w="73" /><ent r="3" t="60" w="73" /><ent r="3" t="60" w="337" /><ent r="3" t="60" w="360" /></phr></stem><stem n="globe"><phr n="Globe"><ent r="5" t="3" w="21" /><ent r="1000" t="4" w="2" /><ent r="102" t="4" w="7" /><ent r="100" t="4" w="12" /><ent r="100" t="4" w="18" /><ent r="3" t="4" w="25" /></phr></stem><stem n="follow"><phr n="following"><ent r="3" t="3" w="31" /><ent r="4" t="12" w="491" /><ent r="3" t="27" w="16" /><ent r="4" t="39" w="398" /><ent r="3" t="57" w="204" /></phr><phr n="Follow"><ent r="3" t="15" w="138" /><ent r="3" t="16" w="21" /></phr><phr n="follow"><ent r="3" t="46" w="489" /></phr><phr n="follows"><ent r="3" t="54" w="90" /></phr></stem><stem n="satellit"><phr n="satellites"><ent r="3" t="3" w="33" /><ent r="3" t="3" w="46" /></phr><phr n="satellite"><ent r="4" t="4" w="90" /></phr><phr n="Satellite"><ent r="3" t="7" w="29" /><ent r="3" t="8" w="27" /></phr></stem><stem n="quickbird"><phr n="QuickBird"><ent r="4" t="3" w="35" /><ent r="3" t="4" w="53" /><ent r="92" t="4" w="107" /></phr></stem><stem n="2"><phr n="2"><ent r="4" t="3" w="36" /><ent r="4" t="3" w="42" /><ent r="3" t="4" w="54" /><ent r="3" t="4" w="57" /><ent r="92" t="4" w="108" /><ent r="92" t="4" w="112" /><ent r="6" t="7" w="184" /><ent r="6" t="7" w="271" /><ent r="6" t="7" w="273" /><ent r="6" t="8" w="152" /><ent r="6" t="8" w="239" /><ent r="6" t="8" w="241" /><ent r="4" t="12" w="310" /><ent r="3" t="46" w="60" /><ent r="3" t="46" w="135" /><ent r="4" t="52" w="46" /></phr></stem><stem n="-1"><phr n="-1"><ent r="4" t="3" w="38" /><ent r="4" t="3" w="38" /><ent r="3" t="4" w="65" /><ent r="3" t="4" w="65" /></phr></stem><stem n="worldview"><phr n="WorldView"><ent r="4" t="3" w="38" /><ent r="4" t="3" w="41" /><ent r="3" t="4" w="56" /><ent r="3" t="4" w="65" /><ent r="92" t="4" w="111" /></phr></stem><stem n="worldview-1"><phr n="WorldView-1"><ent r="4" t="3" w="38" /><ent r="3" t="4" w="65" /></phr></stem><stem n="1"><phr n="1"><ent r="4" t="3" w="39" /><ent r="3" t="4" w="66" /><ent r="6" t="7" w="161" /><ent r="6" t="7" w="233" /><ent r="6" t="7" w="235" /><ent r="6" t="8" w="129" /><ent r="6" t="8" w="201" /><ent r="6" t="8" w="203" /><ent r="4" t="12" w="297" /><ent r="4" t="30" w="592" /><ent r="4" t="30" w="611" /><ent r="3" t="45" w="567" /><ent r="3" t="46" w="122" /><ent r="5" t="52" w="34" /><ent r="4" t="55" w="235" /><ent r="3" t="57" w="214" /><ent r="3" t="57" w="224" /></phr></stem><stem n="-2"><phr n="-2"><ent r="4" t="3" w="41" /><ent r="4" t="3" w="41" /><ent r="3" t="4" w="53" /><ent r="3" t="4" w="53" /><ent r="92" t="4" w="107" /><ent r="92" t="4" w="107" /><ent r="92" t="4" w="111" /><ent r="92" t="4" w="111" /></phr></stem><stem n="worldview-2"><phr n="WorldView-2"><ent r="4" t="3" w="41" /><ent r="3" t="4" w="56" /><ent r="92" t="4" w="111" /></phr></stem><stem n="although"><phr n="Although"><ent r="3" t="3" w="44" /></phr><phr n="although"><ent r="4" t="39" w="72" /></phr></stem><stem n="differ"><phr n="different"><ent r="3" t="3" w="48" /><ent r="3" t="30" w="788" /><ent r="4" t="35" w="512" /><ent r="4" t="36" w="429" /><ent r="3" t="37" w="44" /><ent r="3" t="38" w="42" /><ent r="3" t="38" w="210" /><ent r="3" t="39" w="262" /><ent r="3" t="39" w="470" /><ent r="3" t="44" w="135" /><ent r="3" t="46" w="324" /><ent r="4" t="47" w="363" /><ent r="3" t="55" w="339" /><ent r="3" t="60" w="180" /></phr><phr n="differs"><ent r="3" t="7" w="106" /></phr><phr n="Difference"><ent r="92" t="22" w="97" /><ent r="5" t="22" w="147" /></phr><phr n="difference"><ent r="4" t="25" w="111" /><ent r="4" t="25" w="129" /><ent r="4" t="25" w="162" /><ent r="3" t="45" w="355" /><ent r="3" t="45" w="372" /><ent r="3" t="45" w="478" /><ent r="3" t="45" w="495" /><ent r="3" t="49" w="38" /><ent r="3" t="49" w="65" /><ent r="3" t="57" w="107" /></phr><phr n="differences"><ent r="3" t="38" w="85" /></phr></stem><stem n="format"><phr n="format"><ent r="3" t="3" w="50" /><ent r="3" t="7" w="72" /><ent r="3" t="7" w="105" /><ent r="3" t="8" w="90" /><ent r="3" t="10" w="36" /><ent r="3" t="10" w="46" /><ent r="4" t="15" w="98" /><ent r="4" t="15" w="107" /><ent r="4" t="21" w="220" /><ent r="4" t="21" w="229" /><ent r="3" t="46" w="53" /><ent r="3" t="46" w="55" /><ent r="3" t="46" w="141" /><ent r="3" t="46" w="149" /><ent r="3" t="47" w="35" /><ent r="3" t="47" w="45" /></phr><phr n="Format"><ent r="3" t="7" w="33" /><ent r="3" t="7" w="319" /><ent r="3" t="8" w="31" /><ent r="3" t="8" w="274" /><ent r="5" t="52" w="39" /></phr><phr n="formats"><ent r="3" t="7" w="110" /></phr><phr n="formatted"><ent r="4" t="15" w="45" /><ent r="4" t="21" w="153" /></phr></stem></index>