﻿<?xml version="1.0" encoding="utf-8"?><index><stem n="few"><phr n="few"><ent r="3" t="24" w="80" /><ent r="3" t="24" w="92" /></phr></stem><stem n="mainli"><phr n="mainly"><ent r="3" t="24" w="84" /><ent r="3" t="25" w="398" /><ent r="3" t="50" w="95" /></phr></stem><stem n="end"><phr n="end"><ent r="3" t="24" w="87" /></phr></stem><stem n="last"><phr n="last"><ent r="3" t="24" w="91" /></phr></stem><stem n="forward"><phr n="forward"><ent r="3" t="24" w="111" /><ent r="4" t="25" w="18" /></phr><phr n="Forward"><ent r="64" t="24" w="192" /><ent r="102" t="25" w="5" /><ent r="100" t="25" w="9" /><ent r="5" t="25" w="33" /><ent r="64" t="26" w="159" /></phr></stem><stem n="(convert"><phr n="(converting"><ent r="3" t="24" w="113" /></phr></stem><stem n="space"><phr n="space"><ent r="3" t="24" w="117" /><ent r="3" t="57" w="45" /></phr><phr n="Space"><ent r="4" t="58" w="59" /></phr></stem><stem n="invers"><phr n="inverse"><ent r="3" t="24" w="122" /><ent r="4" t="26" w="19" /><ent r="4" t="26" w="61" /><ent r="4" t="26" w="81" /><ent r="3" t="26" w="92" /><ent r="3" t="26" w="104" /><ent r="3" t="26" w="131" /><ent r="3" t="55" w="349" /></phr><phr n="Inverse"><ent r="64" t="24" w="196" /><ent r="64" t="25" w="604" /><ent r="1000" t="26" w="2" /><ent r="102" t="26" w="6" /><ent r="100" t="26" w="10" /><ent r="5" t="26" w="34" /><ent r="3" t="28" w="150" /></phr><phr n="inversion"><ent r="3" t="55" w="373" /></phr></stem><stem n="subset"><phr n="subset"><ent r="3" t="24" w="126" /></phr></stem><stem n="exclud"><phr n="excludes"><ent r="3" t="24" w="132" /></phr><phr n="exclude"><ent r="3" t="26" w="136" /></phr></stem><stem n="low"><phr n="low"><ent r="3" t="24" w="134" /><ent r="3" t="24" w="136" /></phr></stem><stem n="(low"><phr n="(low"><ent r="3" t="24" w="136" /></phr></stem><stem n="statist"><phr n="statistically"><ent r="3" t="24" w="145" /></phr><phr n="Statistics"><ent r="6" t="25" w="191" /><ent r="3" t="25" w="486" /><ent r="64" t="25" w="514" /><ent r="64" t="28" w="224" /><ent r="64" t="29" w="49" /><ent r="64" t="29" w="148" /><ent r="1000" t="51" w="3" /><ent r="92" t="51" w="7" /><ent r="1000" t="54" w="3" /><ent r="102" t="54" w="7" /></phr><phr n="statistics"><ent r="3" t="51" w="18" /><ent r="3" t="51" w="31" /><ent r="3" t="54" w="21" /><ent r="3" t="54" w="50" /><ent r="3" t="54" w="60" /><ent r="3" t="54" w="84" /><ent r="3" t="55" w="60" /></phr></stem><stem n="greatli"><phr n="greatly"><ent r="3" t="24" w="153" /></phr></stem><stem n="affect"><phr n="affected"><ent r="3" t="24" w="154" /></phr><phr n="affect"><ent r="3" t="54" w="47" /></phr><phr n="affecting"><ent r="3" t="60" w="116" /></phr></stem><stem n="blank"><phr n="blank"><ent r="3" t="24" w="175" /><ent r="3" t="24" w="182" /><ent r="3" t="37" w="453" /><ent r="3" t="44" w="224" /><ent r="3" t="44" w="239" /></phr></stem><stem n="(all"><phr n="(all"><ent r="3" t="24" w="177" /></phr></stem><stem n="zero"><phr n="zeros"><ent r="3" t="24" w="178" /></phr><phr n="zero"><ent r="3" t="39" w="225" /></phr></stem><stem n="often"><phr n="often"><ent r="3" t="24" w="179" /></phr></stem><stem n="out"><phr n="out"><ent r="3" t="24" w="183" /><ent r="3" t="30" w="296" /><ent r="4" t="35" w="527" /><ent r="3" t="37" w="454" /><ent r="3" t="46" w="37" /></phr></stem><stem n="absorpt"><phr n="absorption"><ent r="3" t="24" w="185" /><ent r="3" t="55" w="199" /></phr></stem><stem n=")."><phr n=")."><ent r="3" t="24" w="187" /><ent r="3" t="30" w="87" /><ent r="3" t="37" w="310" /><ent r="4" t="39" w="77" /><ent r="3" t="49" w="40" /><ent r="4" t="54" w="108" /><ent r="3" t="55" w="288" /><ent r="3" t="55" w="311" /><ent r="3" t="55" w="340" /><ent r="3" t="60" w="161" /><ent r="3" t="60" w="203" /></phr></stem><stem n="covari"><phr n="covariance"><ent r="5" t="25" w="74" /><ent r="4" t="25" w="157" /><ent r="4" t="25" w="169" /><ent r="3" t="28" w="124" /><ent r="3" t="28" w="151" /><ent r="3" t="37" w="56" /><ent r="3" t="37" w="370" /><ent r="3" t="37" w="428" /><ent r="4" t="37" w="613" /><ent r="3" t="48" w="87" /><ent r="3" t="48" w="95" /><ent r="3" t="51" w="34" /><ent r="3" t="51" w="50" /><ent r="3" t="54" w="26" /><ent r="4" t="54" w="188" /></phr><phr n="Covariance"><ent r="4" t="37" w="323" /><ent r="4" t="37" w="339" /><ent r="4" t="37" w="356" /><ent r="4" t="37" w="378" /><ent r="4" t="37" w="395" /><ent r="4" t="37" w="605" /><ent r="5" t="54" w="193" /></phr></stem><stem n="adjac"><phr n="adjacent"><ent r="4" t="25" w="93" /></phr></stem><stem n="homogen"><phr n="homogenous"><ent r="4" t="25" w="98" /><ent r="3" t="49" w="45" /></phr><phr n="homogeneous"><ent r="3" t="60" w="208" /></phr></stem><stem n="should"><phr n="should"><ent r="4" t="25" w="100" /><ent r="4" t="25" w="106" /><ent r="4" t="29" w="335" /><ent r="3" t="30" w="106" /><ent r="3" t="30" w="173" /><ent r="4" t="30" w="564" /><ent r="3" t="31" w="135" /><ent r="3" t="31" w="170" /><ent r="4" t="31" w="532" /><ent r="3" t="39" w="291" /><ent r="3" t="49" w="42" /><ent r="3" t="60" w="205" /></phr></stem><stem n="similar"><phr n="similar"><ent r="4" t="25" w="103" /><ent r="3" t="33" w="198" /><ent r="3" t="35" w="36" /><ent r="3" t="37" w="226" /></phr><phr n="similarity"><ent r="3" t="57" w="93" /><ent r="3" t="57" w="186" /></phr></stem><stem n="fairli"><phr n="fairly"><ent r="4" t="25" w="108" /></phr></stem><stem n="random"><phr n="random"><ent r="4" t="25" w="109" /><ent r="3" t="39" w="257" /></phr></stem><stem n="could"><phr n="could"><ent r="4" t="25" w="115" /><ent r="3" t="39" w="228" /></phr></stem><stem n="gener"><phr n="generates"><ent r="4" t="25" w="127" /><ent r="3" t="30" w="521" /><ent r="4" t="43" w="56" /><ent r="4" t="44" w="74" /></phr><phr n="generate"><ent r="3" t="25" w="406" /><ent r="3" t="37" w="253" /><ent r="3" t="39" w="261" /><ent r="4" t="50" w="42" /></phr><phr n="generalized"><ent r="3" t="28" w="114" /></phr><phr n="Generate"><ent r="4" t="33" w="127" /><ent r="4" t="33" w="486" /><ent r="4" t="36" w="233" /></phr><phr n="generated"><ent r="4" t="35" w="543" /><ent r="3" t="36" w="269" /><ent r="4" t="36" w="487" /><ent r="3" t="46" w="441" /><ent r="3" t="47" w="491" /></phr><phr n="generally"><ent r="3" t="47" w="304" /><ent r="3" t="55" w="343" /></phr><phr n="generating"><ent r="3" t="49" w="36" /></phr><phr n="Generally"><ent r="3" t="50" w="87" /></phr></stem><stem n="region"><phr n="region"><ent r="4" t="25" w="133" /><ent r="4" t="25" w="143" /><ent r="3" t="25" w="293" /><ent r="4" t="30" w="677" /><ent r="4" t="31" w="619" /><ent r="3" t="38" w="62" /></phr><phr n="Region"><ent r="5" t="25" w="254" /></phr></stem><stem n="differenc"><phr n="differencing"><ent r="4" t="25" w="138" /></phr></stem><stem n="deriv"><phr n="Derive"><ent r="6" t="25" w="181" /><ent r="64" t="25" w="506" /><ent r="1000" t="48" w="1" /><ent r="92" t="48" w="5" /></phr><phr n="derived"><ent r="3" t="60" w="229" /></phr></stem><stem n="dark"><phr n="Dark"><ent r="6" t="25" w="183" /><ent r="64" t="25" w="508" /><ent r="1000" t="48" w="3" /><ent r="92" t="48" w="7" /></phr><phr n="dark"><ent r="3" t="45" w="585" /><ent r="4" t="48" w="11" /><ent r="3" t="60" w="159" /><ent r="3" t="60" w="194" /></phr></stem><stem n="coeffici"><phr n="coefficients"><ent r="5" t="25" w="205" /><ent r="5" t="25" w="221" /><ent r="3" t="25" w="446" /><ent r="3" t="25" w="551" /><ent r="4" t="26" w="82" /><ent r="4" t="48" w="122" /><ent r="3" t="49" w="102" /><ent r="3" t="51" w="58" /></phr></stem><stem n=".mnf."><phr n=".mnf."><ent r="5" t="25" w="235" /></phr></stem><stem n="roi"><phr n="ROI"><ent r="5" t="25" w="257" /><ent r="4" t="25" w="263" /><ent r="3" t="25" w="271" /><ent r="3" t="25" w="306" /></phr></stem><stem n="(roi)"><phr n="(ROI)"><ent r="5" t="25" w="258" /></phr></stem><stem n="checkbox"><phr n="checkbox"><ent r="4" t="25" w="259" /><ent r="4" t="25" w="379" /><ent r="4" t="25" w="523" /><ent r="3" t="32" w="157" /><ent r="3" t="32" w="160" /><ent r="3" t="34" w="145" /><ent r="3" t="34" w="165" /><ent r="3" t="34" w="197" /><ent r="3" t="34" w="224" /><ent r="3" t="34" w="257" /><ent r="3" t="34" w="402" /><ent r="3" t="35" w="596" /><ent r="3" t="35" w="627" /><ent r="3" t="37" w="307" /><ent r="3" t="37" w="688" /><ent r="3" t="39" w="289" /><ent r="3" t="39" w="340" /><ent r="3" t="39" w="365" /><ent r="3" t="39" w="545" /><ent r="3" t="45" w="221" /><ent r="3" t="45" w="314" /><ent r="3" t="45" w="540" /></phr><phr n="checkboxes"><ent r="3" t="32" w="204" /></phr></stem><stem n="limit"><phr n="limit"><ent r="3" t="25" w="276" /><ent r="3" t="34" w="181" /><ent r="3" t="34" w="204" /><ent r="3" t="35" w="580" /><ent r="3" t="35" w="611" /></phr><phr n="limited"><ent r="3" t="25" w="421" /></phr><phr n="Limit"><ent r="4" t="34" w="193" /><ent r="4" t="34" w="220" /><ent r="4" t="35" w="590" /><ent r="4" t="35" w="621" /></phr><phr n="limiting"><ent r="4" t="35" w="574" /></phr></stem><stem n="“area"><phr n="“Area"><ent r="3" t="25" w="301" /></phr></stem><stem n=".”"><phr n=".”"><ent r="3" t="25" w="304" /></phr></stem><stem n="initi"><phr n="initially"><ent r="4" t="25" w="329" /></phr><phr n="Initial"><ent r="3" t="39" w="254" /></phr><phr n="Initially"><ent r="3" t="45" w="557" /></phr></stem><stem n="manual"><phr n="manually"><ent r="4" t="25" w="345" /></phr><phr n="Manual"><ent r="4" t="49" w="11" /></phr></stem><stem n="highest"><phr n="highest"><ent r="3" t="25" w="382" /><ent r="3" t="25" w="408" /><ent r="4" t="50" w="54" /></phr></stem><stem n="lower"><phr n="lower"><ent r="3" t="25" w="389" /><ent r="4" t="29" w="360" /><ent r="4" t="30" w="589" /><ent r="4" t="30" w="636" /><ent r="4" t="31" w="577" /></phr></stem><stem n="reason"><phr n="reason"><ent r="3" t="25" w="404" /><ent r="3" t="55" w="312" /></phr></stem><stem n="maximum"><phr n="maximum"><ent r="3" t="25" w="418" /><ent r="3" t="34" w="188" /><ent r="3" t="35" w="605" /><ent r="3" t="39" w="164" /><ent r="3" t="39" w="199" /><ent r="3" t="39" w="219" /><ent r="3" t="45" w="483" /><ent r="3" t="45" w="500" /></phr></stem><stem n="begin"><phr n="begin"><ent r="4" t="25" w="434" /><ent r="4" t="35" w="680" /><ent r="4" t="48" w="111" /><ent r="3" t="49" w="97" /><ent r="3" t="51" w="53" /></phr></stem><stem n="be"><phr n="being"><ent r="3" t="25" w="465" /><ent r="3" t="28" w="195" /><ent r="3" t="37" w="101" /><ent r="3" t="38" w="103" /></phr></stem><stem n="vari"><phr n="vary"><ent r="3" t="25" w="476" /></phr></stem><stem n="below"><phr n="below"><ent r="3" t="25" w="491" /><ent r="3" t="32" w="68" /><ent r="4" t="35" w="624" /><ent r="3" t="45" w="588" /><ent r="3" t="46" w="493" /><ent r="3" t="50" w="92" /></phr></stem><stem n="addit"><phr n="additional"><ent r="4" t="25" w="528" /></phr><phr n="addition"><ent r="3" t="39" w="473" /><ent r="4" t="45" w="312" /></phr><phr n="Addition"><ent r="4" t="45" w="274" /></phr><phr n="additive"><ent r="3" t="60" w="129" /><ent r="3" t="60" w="146" /></phr></stem><stem n="here"><phr n="here"><ent r="65" t="25" w="533" /><ent r="64" t="32" w="227" /></phr></stem><stem n="onc"><phr n="Once"><ent r="3" t="25" w="544" /><ent r="3" t="46" w="425" /><ent r="3" t="47" w="475" /></phr><phr n="once"><ent r="3" t="29" w="273" /><ent r="3" t="30" w="434" /><ent r="3" t="31" w="426" /><ent r="4" t="35" w="328" /></phr></stem><stem n="raster"><phr n="raster"><ent r="3" t="25" w="562" /><ent r="3" t="25" w="579" /><ent r="3" t="26" w="100" /><ent r="3" t="26" w="105" /></phr></stem><stem n="origin"><phr n="original"><ent r="3" t="25" w="570" /><ent r="3" t="45" w="445" /></phr><phr n="Original"><ent r="82" t="39" w="502" /></phr></stem><stem n="suffix"><phr n="suffix"><ent r="3" t="25" w="574" /></phr></stem><stem n="&quot;_mnf&quot;."><phr n="&quot;_mnf&quot;."><ent r="3" t="25" w="577" /></phr></stem><stem n="matrix"><phr n="matrix"><ent r="4" t="26" w="77" /><ent r="4" t="30" w="713" /><ent r="4" t="30" w="716" /><ent r="4" t="30" w="724" /><ent r="4" t="30" w="858" /><ent r="4" t="30" w="871" /><ent r="4" t="37" w="340" /><ent r="4" t="37" w="357" /><ent r="3" t="37" w="371" /><ent r="4" t="37" w="379" /><ent r="4" t="37" w="396" /><ent r="3" t="37" w="421" /><ent r="3" t="37" w="429" /><ent r="4" t="37" w="614" /><ent r="3" t="51" w="51" /><ent r="4" t="54" w="189" /><ent r="5" t="54" w="194" /><ent r="3" t="55" w="69" /><ent r="3" t="55" w="214" /><ent r="3" t="55" w="223" /><ent r="3" t="55" w="372" /><ent r="3" t="57" w="153" /></phr><phr n="Matrix"><ent r="4" t="30" w="703" /><ent r="4" t="30" w="734" /><ent r="4" t="37" w="324" /><ent r="4" t="37" w="606" /><ent r="3" t="55" w="88" /></phr></stem><stem n="invert"><phr n="inverted"><ent r="4" t="26" w="78" /></phr><phr n="invert"><ent r="4" t="54" w="176" /></phr></stem><stem n="without"><phr n="without"><ent r="3" t="26" w="145" /></phr></stem><stem n="unwant"><phr n="unwanted"><ent r="3" t="26" w="147" /></phr></stem><stem n="id"><phr n="ID"><ent r="1000" t="27" w="2" /><ent r="102" t="27" w="7" /><ent r="3" t="27" w="18" /><ent r="5" t="29" w="67" /><ent r="5" t="30" w="205" /><ent r="5" t="31" w="248" /><ent r="5" t="32" w="100" /><ent r="5" t="32" w="276" /><ent r="5" t="32" w="339" /><ent r="5" t="35" w="431" /></phr></stem><stem n="-ins:"><phr n="-ins:"><ent r="3" t="27" w="22" /><ent r="3" t="27" w="22" /></phr></stem><stem n="ac"><phr n="ACE"><ent r="64" t="27" w="23" /><ent r="100" t="28" w="7" /><ent r="65" t="28" w="24" /><ent r="3" t="28" w="47" /><ent r="3" t="28" w="64" /><ent r="3" t="28" w="77" /><ent r="3" t="28" w="92" /><ent r="3" t="28" w="111" /><ent r="3" t="28" w="167" /><ent r="3" t="28" w="183" /><ent r="3" t="28" w="201" /><ent r="64" t="28" w="222" /><ent r="64" t="28" w="227" /><ent r="1000" t="29" w="2" /><ent r="102" t="29" w="5" /><ent r="65" t="29" w="36" /><ent r="64" t="29" w="47" /><ent r="5" t="29" w="68" /><ent r="3" t="29" w="120" /><ent r="64" t="29" w="146" /><ent r="4" t="29" w="318" /><ent r="4" t="29" w="349" /><ent r="4" t="29" w="405" /><ent r="4" t="29" w="448" /><ent r="4" t="29" w="458" /><ent r="4" t="29" w="469" /><ent r="1000" t="54" w="1" /><ent r="102" t="54" w="5" /><ent r="65" t="54" w="9" /><ent r="3" t="54" w="66" /><ent r="4" t="54" w="182" /><ent r="64" t="54" w="219" /></phr></stem><stem n="adapt"><phr n="Adaptive"><ent r="1000" t="28" w="3" /><ent r="100" t="28" w="9" /><ent r="102" t="28" w="15" /><ent r="3" t="28" w="20" /><ent r="5" t="28" w="26" /><ent r="5" t="29" w="38" /><ent r="3" t="29" w="72" /><ent r="3" t="29" w="210" /><ent r="3" t="29" w="261" /><ent r="3" t="29" w="302" /><ent r="64" t="29" w="491" /><ent r="5" t="54" w="11" /><ent r="64" t="54" w="214" /><ent r="4" t="56" w="20" /></phr></stem><stem n="cosin"><phr n="Cosine"><ent r="1000" t="28" w="4" /><ent r="100" t="28" w="10" /><ent r="102" t="28" w="16" /><ent r="3" t="28" w="21" /><ent r="5" t="28" w="27" /><ent r="5" t="29" w="39" /><ent r="3" t="29" w="73" /><ent r="3" t="29" w="211" /><ent r="3" t="29" w="262" /><ent r="3" t="29" w="303" /><ent r="64" t="29" w="492" /><ent r="5" t="54" w="12" /><ent r="64" t="54" w="215" /></phr></stem><stem n="aid"><phr n="aids"><ent r="3" t="28" w="31" /></phr><phr n="aid"><ent r="3" t="31" w="32" /></phr></stem><stem n="likelihood"><phr n="likelihood"><ent r="3" t="28" w="115" /></phr></stem><stem n="test"><phr n="test"><ent r="3" t="28" w="117" /><ent r="3" t="28" w="137" /></phr></stem><stem n="glrt"><phr n="GLRT"><ent r="3" t="28" w="118" /></phr></stem><stem n="(glrt)."><phr n="(GLRT)."><ent r="3" t="28" w="119" /></phr></stem><stem n="mean"><phr n="mean"><ent r="3" t="28" w="122" /><ent r="3" t="28" w="145" /><ent r="3" t="37" w="54" /><ent r="3" t="37" w="75" /><ent r="3" t="39" w="37" /><ent r="3" t="55" w="299" /><ent r="3" t="55" w="304" /></phr><phr n="means"><ent r="4" t="29" w="363" /><ent r="4" t="30" w="599" /><ent r="4" t="31" w="556" /><ent r="3" t="54" w="24" /><ent r="3" t="55" w="106" /></phr><phr n="Means"><ent r="1000" t="39" w="2" /><ent r="102" t="39" w="5" /><ent r="100" t="39" w="8" /><ent r="3" t="39" w="13" /><ent r="3" t="39" w="46" /><ent r="4" t="39" w="58" /><ent r="5" t="39" w="114" /><ent r="4" t="39" w="118" /><ent r="4" t="39" w="395" /><ent r="82" t="39" w="506" /><ent r="92" t="39" w="510" /><ent r="3" t="39" w="519" /></phr></stem><stem n="goe"><phr n="goes"><ent r="3" t="28" w="130" /></phr></stem><stem n="angular"><phr n="angular"><ent r="3" t="28" w="136" /><ent r="3" t="57" w="106" /></phr></stem><stem n="="><phr n="="><ent r="3" t="28" w="144" /><ent r="3" t="28" w="150" /><ent r="3" t="28" w="156" /><ent r="3" t="28" w="162" /><ent r="3" t="28" w="168" /><ent r="3" t="45" w="409" /><ent r="4" t="55" w="235" /><ent r="3" t="57" w="210" /><ent r="3" t="57" w="214" /><ent r="3" t="57" w="220" /><ent r="3" t="57" w="224" /><ent r="3" t="57" w="229" /><ent r="3" t="57" w="240" /><ent r="3" t="57" w="251" /><ent r="3" t="60" w="52" /></phr></stem><stem n="dataset"><phr n="dataset"><ent r="3" t="28" w="147" /><ent r="3" t="28" w="153" /></phr></stem><stem n="c"><phr n="C"><ent r="3" t="28" w="149" /><ent r="3" t="28" w="170" /><ent r="3" t="28" w="175" /><ent r="3" t="28" w="179" /></phr></stem><stem n="t"><phr n="T"><ent r="3" t="28" w="155" /><ent r="3" t="28" w="169" /><ent r="3" t="28" w="174" /><ent r="3" t="28" w="176" /><ent r="3" t="57" w="194" /><ent r="3" t="57" w="208" /><ent r="3" t="57" w="234" /><ent r="3" t="57" w="236" /><ent r="3" t="57" w="254" /><ent r="4" t="58" w="18" /><ent r="4" t="61" w="79" /></phr><phr n="t"><ent r="3" t="37" w="436" /><ent r="3" t="37" w="443" /><ent r="3" t="42" w="95" /><ent r="4" t="55" w="187" /></phr></stem><stem n="target"><phr n="Target"><ent r="3" t="28" w="156" /><ent r="3" t="29" w="297" /><ent r="3" t="30" w="462" /><ent r="3" t="31" w="450" /><ent r="3" t="57" w="210" /></phr><phr n="target"><ent r="3" t="29" w="15" /><ent r="3" t="29" w="102" /><ent r="3" t="29" w="157" /><ent r="4" t="29" w="390" /><ent r="3" t="30" w="57" /><ent r="3" t="30" w="311" /><ent r="3" t="30" w="476" /><ent r="4" t="30" w="620" /><ent r="4" t="30" w="823" /><ent r="3" t="31" w="207" /><ent r="4" t="31" w="314" /><ent r="4" t="31" w="470" /><ent r="3" t="32" w="15" /><ent r="3" t="54" w="42" /><ent r="3" t="54" w="56" /><ent r="3" t="54" w="74" /><ent r="3" t="55" w="28" /><ent r="3" t="55" w="39" /><ent r="3" t="55" w="130" /><ent r="3" t="55" w="176" /><ent r="3" t="55" w="194" /><ent r="3" t="57" w="96" /><ent r="3" t="57" w="115" /><ent r="3" t="57" w="192" /><ent r="3" t="60" w="186" /><ent r="3" t="60" w="195" /></phr><phr n="targets"><ent r="3" t="60" w="217" /></phr></stem><stem n="-"><phr n="-"><ent r="3" t="28" w="159" /><ent r="3" t="28" w="159" /><ent r="3" t="28" w="165" /><ent r="3" t="28" w="165" /><ent r="4" t="58" w="34" /><ent r="4" t="58" w="34" /></phr></stem><stem n="p"><phr n="P"><ent r="3" t="28" w="161" /><ent r="3" t="28" w="171" /><ent r="3" t="28" w="178" /><ent r="3" t="28" w="180" /><ent r="3" t="57" w="201" /><ent r="3" t="57" w="218" /><ent r="3" t="57" w="245" /><ent r="3" t="57" w="247" /><ent r="3" t="57" w="256" /><ent r="4" t="58" w="20" /></phr></stem><stem n="transpos"><phr n="transpose"><ent r="3" t="28" w="168" /><ent r="3" t="28" w="173" /><ent r="3" t="28" w="177" /></phr></stem><stem n="(transpose(t)(c)(p))^2"><phr n="(transpose(T)(C)(P))^2"><ent r="3" t="28" w="172" /></phr></stem><stem n="^2"><phr n="^2"><ent r="3" t="28" w="172" /></phr></stem><stem n="(transpose(t)(c)(t))(transpose(p)(c)(p))"><phr n="(transpose(T)(C)(T))(transpose(P)(C)(P))"><ent r="3" t="28" w="181" /></phr></stem><stem n="threshold"><phr n="threshold"><ent r="3" t="28" w="189" /><ent r="4" t="29" w="353" /><ent r="4" t="29" w="361" /><ent r="4" t="29" w="396" /><ent r="3" t="30" w="63" /><ent r="4" t="30" w="582" /><ent r="4" t="30" w="590" /><ent r="4" t="30" w="597" /><ent r="4" t="30" w="637" /><ent r="4" t="30" w="809" /><ent r="4" t="30" w="833" /><ent r="4" t="30" w="896" /><ent r="4" t="31" w="550" /><ent r="4" t="31" w="578" /><ent r="3" t="34" w="212" /><ent r="4" t="34" w="222" /><ent r="3" t="34" w="228" /><ent r="3" t="34" w="366" /><ent r="3" t="35" w="617" /><ent r="4" t="35" w="625" /><ent r="3" t="35" w="636" /><ent r="4" t="36" w="321" /><ent r="4" t="36" w="403" /><ent r="5" t="36" w="411" /><ent r="3" t="37" w="95" /><ent r="3" t="37" w="155" /><ent r="3" t="37" w="575" /><ent r="3" t="38" w="97" /><ent r="3" t="39" w="143" /><ent r="3" t="39" w="217" /><ent r="4" t="54" w="113" /><ent r="4" t="54" w="131" /><ent r="3" t="57" w="413" /></phr><phr n="Threshold"><ent r="5" t="29" w="344" /><ent r="5" t="30" w="573" /><ent r="5" t="31" w="541" /><ent r="4" t="34" w="361" /><ent r="4" t="37" w="149" /><ent r="4" t="39" w="134" /><ent r="4" t="39" w="160" /></phr></stem><stem n="layer"><phr n="layer"><ent r="3" t="28" w="190" /><ent r="3" t="28" w="207" /><ent r="4" t="29" w="325" /><ent r="3" t="30" w="50" /><ent r="4" t="30" w="554" /><ent r="4" t="30" w="810" /><ent r="4" t="30" w="863" /><ent r="4" t="31" w="522" /><ent r="4" t="33" w="245" /><ent r="4" t="35" w="83" /><ent r="4" t="35" w="517" /><ent r="4" t="35" w="540" /><ent r="3" t="35" w="740" /><ent r="3" t="36" w="268" /><ent r="3" t="37" w="96" /><ent r="3" t="37" w="687" /><ent r="3" t="38" w="98" /><ent r="3" t="39" w="433" /><ent r="3" t="39" w="445" /><ent r="3" t="39" w="467" /><ent r="3" t="39" w="520" /><ent r="3" t="39" w="533" /><ent r="3" t="39" w="551" /><ent r="4" t="54" w="114" /><ent r="4" t="54" w="132" /><ent r="4" t="54" w="141" /><ent r="4" t="54" w="156" /><ent r="3" t="57" w="376" /><ent r="3" t="57" w="386" /></phr><phr n="Layer"><ent r="5" t="29" w="313" /><ent r="5" t="30" w="542" /><ent r="5" t="31" w="510" /><ent r="5" t="35" w="504" /><ent r="4" t="35" w="521" /></phr><phr n="Layers"><ent r="92" t="39" w="511" /></phr><phr n="layers"><ent r="3" t="39" w="531" /></phr></stem><stem n="like"><phr n="like"><ent r="3" t="28" w="197" /><ent r="3" t="49" w="46" /></phr></stem><stem n="pseudocolor"><phr n="pseudocolor"><ent r="3" t="28" w="206" /><ent r="4" t="30" w="862" /><ent r="4" t="33" w="244" /><ent r="4" t="35" w="82" /><ent r="4" t="35" w="516" /><ent r="3" t="35" w="739" /><ent r="3" t="36" w="267" /><ent r="3" t="57" w="385" /></phr></stem><stem n="class"><phr n="class"><ent r="3" t="28" w="210" /><ent r="4" t="30" w="875" /><ent r="4" t="30" w="886" /><ent r="4" t="30" w="908" /><ent r="3" t="57" w="394" /></phr></stem><stem n="repres"><phr n="represents"><ent r="3" t="28" w="211" /></phr><phr n="representing"><ent r="4" t="29" w="380" /><ent r="4" t="30" w="618" /></phr><phr n="represent"><ent r="4" t="30" w="873" /></phr></stem><stem n="background"><phr n="Background"><ent r="64" t="28" w="223" /><ent r="64" t="29" w="48" /><ent r="64" t="29" w="147" /><ent r="4" t="38" w="185" /><ent r="1000" t="54" w="2" /><ent r="102" t="54" w="6" /></phr><phr n="background"><ent r="3" t="38" w="52" /><ent r="3" t="38" w="80" /><ent r="3" t="38" w="236" /><ent r="3" t="54" w="20" /><ent r="3" t="54" w="37" /><ent r="3" t="54" w="49" /><ent r="3" t="54" w="83" /><ent r="3" t="55" w="140" /><ent r="3" t="55" w="163" /></phr></stem><stem n="upper"><phr n="upper"><ent r="4" t="29" w="84" /><ent r="4" t="30" w="596" /></phr><phr n="Upper"><ent r="4" t="61" w="16" /></phr></stem><stem n="corner"><phr n="corner"><ent r="4" t="29" w="86" /></phr></stem><stem n="filter"><phr n="filter"><ent r="3" t="29" w="178" /><ent r="3" t="30" w="338" /><ent r="4" t="31" w="287" /><ent r="4" t="31" w="332" /><ent r="4" t="32" w="121" /><ent r="3" t="32" w="132" /><ent r="3" t="32" w="141" /><ent r="3" t="32" w="165" /><ent r="3" t="32" w="243" /><ent r="4" t="32" w="293" /><ent r="4" t="32" w="315" /><ent r="4" t="32" w="356" /><ent r="5" t="32" w="368" /><ent r="3" t="32" w="396" /><ent r="4" t="35" w="227" /><ent r="3" t="55" w="152" /><ent r="3" t="55" w="180" /><ent r="3" t="55" w="260" /><ent r="3" t="55" w="287" /></phr><phr n="Filters"><ent r="64" t="29" w="196" /><ent r="64" t="30" w="358" /><ent r="65" t="31" w="305" /><ent r="65" t="31" w="350" /><ent r="1000" t="32" w="4" /><ent r="102" t="32" w="9" /><ent r="65" t="35" w="245" /></phr><phr n="filters"><ent r="3" t="32" w="40" /></phr><phr n="filtered"><ent r="3" t="32" w="64" /></phr><phr n="Filter"><ent r="92" t="32" w="87" /><ent r="5" t="32" w="108" /><ent r="4" t="32" w="116" /><ent r="92" t="32" w="263" /><ent r="5" t="32" w="303" /><ent r="4" t="32" w="311" /><ent r="92" t="32" w="326" /><ent r="4" t="32" w="384" /><ent r="5" t="32" w="391" /></phr><phr n="filtering"><ent r="3" t="55" w="115" /></phr></stem><stem n="choos"><phr n="choose"><ent r="3" t="29" w="200" /><ent r="3" t="30" w="235" /><ent r="3" t="30" w="271" /><ent r="3" t="30" w="362" /><ent r="3" t="45" w="100" /><ent r="3" t="45" w="140" /><ent r="3" t="45" w="197" /><ent r="4" t="54" w="138" /></phr></stem><stem n="appear"><phr n="appears"><ent r="3" t="29" w="294" /><ent r="3" t="31" w="406" /><ent r="3" t="31" w="447" /><ent r="4" t="35" w="311" /></phr><phr n="appear"><ent r="3" t="30" w="414" /><ent r="3" t="30" w="459" /><ent r="4" t="35" w="351" /><ent r="3" t="51" w="14" /></phr></stem><stem n="typic"><phr n="Typically"><ent r="4" t="29" w="332" /><ent r="4" t="30" w="561" /><ent r="4" t="31" w="529" /></phr></stem><stem n="accept"><phr n="accepted"><ent r="4" t="29" w="337" /><ent r="4" t="30" w="566" /><ent r="4" t="31" w="534" /></phr><phr n="accept"><ent r="4" t="34" w="107" /></phr></stem><stem n=".4225"><phr n=".4225"><ent r="4" t="29" w="357" /><ent r="4" t="29" w="374" /></phr></stem><stem n="0.4225"><phr n="0.4225"><ent r="4" t="29" w="357" /><ent r="4" t="29" w="356" /><ent r="4" t="29" w="374" /><ent r="4" t="29" w="373" /></phr></stem><stem n="4225"><phr n="4225"><ent r="4" t="29" w="357" /><ent r="4" t="29" w="374" /></phr></stem><stem n="greater"><phr n="greater"><ent r="4" t="29" w="371" /><ent r="4" t="30" w="830" /><ent r="4" t="30" w="893" /></phr></stem><stem n="flag"><phr n="flagged"><ent r="4" t="29" w="376" /><ent r="4" t="30" w="614" /><ent r="4" t="30" w="629" /><ent r="4" t="31" w="569" /></phr></stem><stem n="compris"><phr n="comprise"><ent r="4" t="29" w="384" /></phr><phr n="comprises"><ent r="4" t="30" w="623" /></phr><phr n="comprising"><ent r="3" t="55" w="25" /></phr></stem><stem n="signific"><phr n="significant"><ent r="4" t="29" w="386" /></phr></stem><stem n="portion"><phr n="portion"><ent r="4" t="29" w="387" /><ent r="4" t="29" w="409" /><ent r="4" t="30" w="650" /><ent r="4" t="31" w="591" /></phr></stem><stem n="(rather"><phr n="(rather"><ent r="4" t="29" w="414" /><ent r="4" t="30" w="655" /><ent r="4" t="31" w="596" /></phr></stem><stem n="rather"><phr n="rather"><ent r="4" t="29" w="414" /><ent r="4" t="30" w="655" /><ent r="4" t="31" w="596" /></phr></stem><stem n="),"><phr n="),"><ent r="4" t="29" w="420" /><ent r="4" t="30" w="661" /><ent r="4" t="31" w="602" /><ent r="4" t="32" w="291" /><ent r="4" t="32" w="354" /><ent r="3" t="57" w="326" /></phr></stem><stem n="-in,"><phr n="-in,"><ent r="4" t="29" w="451" /><ent r="4" t="29" w="451" /><ent r="4" t="30" w="691" /><ent r="4" t="30" w="691" /><ent r="3" t="39" w="44" /><ent r="3" t="39" w="44" /></phr><phr n="-In,"><ent r="4" t="30" w="706" /><ent r="4" t="30" w="706" /></phr></stem></index>