﻿<?xml version="1.0" encoding="utf-8"?><index><stem n="them"><phr n="them"><ent r="5" t="12" w="214" /><ent r="4" t="12" w="340" /><ent r="4" t="22" w="124" /><ent r="4" t="22" w="127" /><ent r="4" t="35" w="378" /></phr></stem><stem n="output"><phr n="output"><ent r="5" t="12" w="217" /><ent r="4" t="12" w="343" /><ent r="4" t="12" w="355" /><ent r="4" t="12" w="374" /><ent r="4" t="12" w="398" /><ent r="3" t="12" w="451" /><ent r="4" t="12" w="475" /><ent r="3" t="12" w="509" /><ent r="3" t="28" w="184" /><ent r="3" t="28" w="204" /><ent r="3" t="30" w="44" /><ent r="4" t="33" w="242" /><ent r="4" t="35" w="80" /><ent r="3" t="37" w="90" /><ent r="3" t="37" w="154" /><ent r="3" t="37" w="449" /><ent r="3" t="38" w="92" /><ent r="3" t="57" w="370" /></phr><phr n="Output"><ent r="5" t="12" w="349" /><ent r="5" t="12" w="411" /><ent r="5" t="29" w="312" /><ent r="5" t="30" w="541" /><ent r="5" t="31" w="509" /><ent r="4" t="37" w="413" /><ent r="5" t="52" w="36" /></phr></stem><stem n="full"><phr n="Full"><ent r="6" t="12" w="220" /></phr><phr n="full"><ent r="4" t="12" w="416" /><ent r="3" t="60" w="303" /></phr></stem><stem n="extent"><phr n="Extents"><ent r="6" t="12" w="221" /></phr></stem><stem n="row"><phr n="Row"><ent r="5" t="12" w="248" /><ent r="3" t="37" w="388" /></phr><phr n="rows"><ent r="4" t="12" w="276" /><ent r="3" t="48" w="78" /></phr><phr n="row"><ent r="4" t="12" w="293" /><ent r="4" t="12" w="300" /><ent r="4" t="12" w="306" /><ent r="4" t="12" w="313" /><ent r="3" t="23" w="144" /><ent r="4" t="25" w="154" /></phr></stem><stem n="step"><phr n="Step"><ent r="5" t="12" w="249" /><ent r="5" t="12" w="257" /><ent r="4" t="12" w="271" /></phr><phr n="step"><ent r="4" t="12" w="266" /><ent r="4" t="12" w="294" /><ent r="4" t="12" w="307" /></phr><phr n="stepped"><ent r="4" t="12" w="328" /></phr><phr n="steps"><ent r="3" t="15" w="140" /><ent r="3" t="16" w="23" /><ent r="3" t="46" w="491" /></phr></stem><stem n="factor"><phr n="Factor"><ent r="5" t="12" w="250" /><ent r="5" t="12" w="258" /><ent r="3" t="37" w="389" /><ent r="3" t="37" w="392" /></phr><phr n="factors"><ent r="4" t="12" w="267" /><ent r="4" t="12" w="272" /><ent r="3" t="57" w="286" /><ent r="3" t="60" w="143" /></phr><phr n="factor"><ent r="4" t="12" w="295" /><ent r="4" t="12" w="308" /><ent r="3" t="57" w="332" /></phr><phr n="Factors"><ent r="5" t="48" w="58" /><ent r="3" t="48" w="71" /></phr></stem><stem n="/or"><phr n="/or"><ent r="4" t="12" w="253" /><ent r="3" t="23" w="146" /><ent r="3" t="32" w="56" /><ent r="3" t="32" w="188" /><ent r="3" t="46" w="418" /><ent r="3" t="47" w="468" /></phr></stem><stem n="and/or"><phr n="and/or"><ent r="4" t="12" w="253" /><ent r="4" t="12" w="252" /><ent r="3" t="23" w="146" /><ent r="3" t="23" w="145" /><ent r="3" t="32" w="56" /><ent r="3" t="32" w="55" /><ent r="3" t="32" w="188" /><ent r="3" t="32" w="187" /><ent r="3" t="46" w="418" /><ent r="3" t="46" w="417" /><ent r="3" t="47" w="468" /><ent r="3" t="47" w="467" /></phr></stem><stem n="column"><phr n="Column"><ent r="5" t="12" w="256" /><ent r="3" t="37" w="391" /></phr><phr n="columns"><ent r="4" t="12" w="278" /><ent r="3" t="46" w="61" /><ent r="3" t="48" w="80" /></phr><phr n="column"><ent r="3" t="23" w="147" /><ent r="4" t="25" w="148" /><ent r="3" t="46" w="65" /><ent r="3" t="46" w="72" /><ent r="3" t="55" w="246" /></phr></stem><stem n="increas"><phr n="increase"><ent r="4" t="12" w="261" /><ent r="4" t="36" w="319" /></phr><phr n="increases"><ent r="3" t="54" w="58" /></phr></stem><stem n="speed"><phr n="speed"><ent r="4" t="12" w="264" /></phr></stem><stem n="decreas"><phr n="decreases"><ent r="4" t="12" w="268" /></phr></stem><stem n="accuraci"><phr n="accuracy"><ent r="4" t="12" w="269" /></phr></stem><stem n="determin"><phr n="determine"><ent r="4" t="12" w="273" /><ent r="5" t="25" w="71" /><ent r="3" t="28" w="73" /><ent r="3" t="28" w="139" /><ent r="3" t="39" w="320" /></phr><phr n="determined"><ent r="4" t="30" w="901" /><ent r="3" t="57" w="79" /><ent r="3" t="57" w="103" /><ent r="3" t="57" w="352" /></phr><phr n="determining"><ent r="3" t="31" w="75" /><ent r="3" t="34" w="370" /></phr><phr n="determines"><ent r="3" t="37" w="62" /><ent r="3" t="55" w="17" /><ent r="3" t="55" w="47" /><ent r="3" t="57" w="184" /></phr></stem><stem n="how"><phr n="how"><ent r="4" t="12" w="274" /><ent r="3" t="39" w="349" /><ent r="3" t="46" w="154" /><ent r="3" t="46" w="173" /></phr></stem><stem n="increment"><phr n="increment"><ent r="4" t="12" w="280" /></phr></stem><stem n="exampl"><phr n="example"><ent r="4" t="12" w="290" /></phr><phr n="examples"><ent r="3" t="32" w="67" /><ent r="3" t="36" w="549" /></phr><phr n="Example"><ent r="92" t="36" w="246" /></phr></stem><stem n="everi"><phr n="every"><ent r="4" t="12" w="299" /><ent r="4" t="12" w="311" /><ent r="3" t="45" w="227" /><ent r="3" t="57" w="354" /></phr></stem><stem n="second"><phr n="second"><ent r="4" t="12" w="312" /><ent r="3" t="46" w="71" /><ent r="3" t="55" w="67" /></phr><phr n="Second"><ent r="4" t="30" w="701" /><ent r="4" t="30" w="732" /><ent r="3" t="55" w="86" /></phr></stem><stem n="choic"><phr n="choices"><ent r="4" t="12" w="377" /><ent r="4" t="12" w="401" /></phr></stem><stem n="&quot;float"><phr n="&quot;Float"><ent r="4" t="12" w="379" /><ent r="4" t="12" w="383" /></phr></stem><stem n="float"><phr n="Float"><ent r="4" t="12" w="379" /><ent r="4" t="12" w="383" /></phr></stem><stem n="byte"><phr n="Bytes"><ent r="4" t="12" w="381" /><ent r="4" t="12" w="385" /></phr></stem><stem n="&quot;"><phr n="&quot;"><ent r="4" t="12" w="382" /><ent r="4" t="12" w="405" /><ent r="3" t="41" w="96" /><ent r="3" t="42" w="122" /><ent r="3" t="44" w="195" /><ent r="3" t="45" w="554" /><ent r="3" t="45" w="592" /><ent r="3" t="45" w="616" /><ent r="3" t="55" w="276" /></phr></stem><stem n="8"><phr n="8"><ent r="4" t="12" w="384" /></phr></stem><stem n=".&quot;"><phr n=".&quot;"><ent r="4" t="12" w="386" /><ent r="4" t="12" w="408" /><ent r="3" t="45" w="568" /></phr></stem><stem n="&quot;in"><phr n="&quot;In"><ent r="4" t="12" w="403" /></phr></stem><stem n="memori"><phr n="Memory"><ent r="4" t="12" w="404" /></phr></stem><stem n="&quot;on"><phr n="&quot;On"><ent r="4" t="12" w="406" /></phr></stem><stem n="disk"><phr n="Disk"><ent r="4" t="12" w="407" /></phr></stem><stem n="path"><phr n="path"><ent r="4" t="12" w="417" /><ent r="3" t="60" w="152" /><ent r="3" t="60" w="356" /></phr></stem><stem n="identifi"><phr n="identified"><ent r="3" t="12" w="449" /><ent r="3" t="30" w="124" /><ent r="3" t="37" w="239" /><ent r="3" t="59" w="13" /></phr><phr n="identifies"><ent r="3" t="23" w="82" /></phr><phr n="identify"><ent r="3" t="28" w="88" /><ent r="3" t="31" w="92" /><ent r="3" t="33" w="35" /></phr><phr n="identifying"><ent r="3" t="33" w="46" /></phr></stem><stem n="capabl"><phr n="capability"><ent r="3" t="13" w="19" /><ent r="3" t="21" w="21" /></phr><phr n="capabilities"><ent r="3" t="33" w="53" /><ent r="3" t="55" w="102" /></phr></stem><stem n="organ"><phr n="organize"><ent r="3" t="13" w="38" /><ent r="3" t="13" w="84" /></phr></stem><stem n="collect"><phr n="collection"><ent r="3" t="13" w="42" /><ent r="4" t="35" w="185" /><ent r="3" t="47" w="103" /></phr><phr n="collect"><ent r="3" t="13" w="62" /></phr><phr n="collected"><ent r="3" t="28" w="41" /><ent r="3" t="28" w="102" /><ent r="3" t="30" w="41" /><ent r="3" t="31" w="42" /><ent r="3" t="31" w="106" /><ent r="3" t="31" w="118" /><ent r="3" t="31" w="140" /><ent r="3" t="31" w="180" /><ent r="3" t="46" w="25" /><ent r="3" t="46" w="126" /><ent r="3" t="60" w="296" /></phr><phr n="collecting"><ent r="4" t="61" w="25" /></phr></stem><stem n="categori"><phr n="categories"><ent r="3" t="13" w="47" /><ent r="3" t="13" w="92" /><ent r="3" t="39" w="303" /></phr></stem><stem n="easi"><phr n="easy"><ent r="3" t="13" w="49" /></phr></stem><stem n="reload"><phr n="reloading"><ent r="3" t="13" w="52" /></phr><phr n="reload"><ent r="3" t="26" w="141" /></phr></stem><stem n="environ"><phr n="environment"><ent r="3" t="13" w="56" /><ent r="3" t="21" w="102" /></phr><phr n="Environment"><ent r="4" t="58" w="45" /></phr></stem><stem n="readabl"><phr n="readable"><ent r="3" t="13" w="68" /></phr></stem><stem n="make"><phr n="making"><ent r="3" t="13" w="93" /></phr><phr n="Make"><ent r="4" t="36" w="381" /><ent r="3" t="39" w="231" /></phr><phr n="makes"><ent r="3" t="47" w="111" /></phr></stem><stem n="manag"><phr n="management"><ent r="3" t="13" w="97" /></phr><phr n="Manager"><ent r="4" t="22" w="79" /></phr></stem><stem n="effici"><phr n="efficient"><ent r="3" t="13" w="99" /></phr></stem><stem n="interact"><phr n="interact"><ent r="3" t="13" w="121" /></phr><phr n="Interactive"><ent r="92" t="33" w="279" /><ent r="4" t="58" w="34" /></phr><phr n="interactive"><ent r="64" t="33" w="292" /><ent r="3" t="33" w="329" /><ent r="3" t="36" w="38" /><ent r="3" t="36" w="76" /></phr></stem><stem n="support"><phr n="Support"><ent r="4" t="13" w="146" /><ent r="5" t="14" w="32" /><ent r="5" t="15" w="160" /><ent r="4" t="35" w="783" /></phr><phr n="supports"><ent r="3" t="32" w="214" /><ent r="3" t="33" w="328" /><ent r="3" t="36" w="75" /></phr></stem><stem n=":creat"><phr n=":create"><ent r="100" t="14" w="10" /></phr></stem><stem n="delet"><phr n="Delete"><ent r="64" t="14" w="115" /><ent r="64" t="15" w="298" /><ent r="64" t="16" w="289" /><ent r="1000" t="17" w="1" /><ent r="102" t="17" w="16" /><ent r="1000" t="18" w="1" /><ent r="102" t="18" w="12" /><ent r="5" t="18" w="75" /><ent r="4" t="18" w="100" /><ent r="64" t="19" w="131" /><ent r="92" t="32" w="325" /><ent r="4" t="32" w="383" /><ent r="5" t="32" w="390" /></phr><phr n="delete"><ent r="100" t="17" w="11" /><ent r="4" t="17" w="35" /><ent r="100" t="18" w="9" /><ent r="3" t="18" w="45" /><ent r="4" t="18" w="65" /><ent r="3" t="32" w="38" /><ent r="4" t="32" w="360" /><ent r="3" t="39" w="414" /></phr><phr n="deleting"><ent r="3" t="18" w="22" /></phr><phr n="deleted"><ent r="3" t="32" w="400" /><ent r="3" t="34" w="238" /></phr></stem><stem n=":load"><phr n=":load"><ent r="100" t="15" w="9" /></phr></stem><stem n="envi"><phr n="ENVI"><ent r="5" t="15" w="34" /><ent r="4" t="15" w="44" /><ent r="4" t="15" w="68" /><ent r="3" t="21" w="125" /><ent r="4" t="21" w="140" /><ent r="4" t="21" w="143" /><ent r="4" t="21" w="152" /><ent r="4" t="21" w="160" /><ent r="4" t="21" w="183" /><ent r="3" t="46" w="144" /></phr></stem><stem n="either"><phr n="either"><ent r="4" t="15" w="52" /><ent r="4" t="21" w="166" /><ent r="3" t="28" w="40" /><ent r="3" t="30" w="37" /><ent r="3" t="31" w="41" /><ent r="3" t="37" w="294" /><ent r="3" t="45" w="198" /><ent r="3" t="46" w="121" /><ent r="4" t="48" w="54" /></phr></stem><stem n="sli"><phr n="sli"><ent r="4" t="15" w="72" /><ent r="4" t="21" w="189" /></phr></stem><stem n=".sli,"><phr n=".sli,"><ent r="4" t="15" w="73" /><ent r="4" t="21" w="190" /></phr></stem><stem n="spl"><phr n="spl"><ent r="4" t="15" w="73" /><ent r="4" t="21" w="190" /></phr></stem><stem n=".spl,"><phr n=".spl,"><ent r="4" t="15" w="74" /><ent r="4" t="21" w="191" /></phr></stem><stem n=".dat,"><phr n=".dat,"><ent r="4" t="15" w="75" /><ent r="4" t="21" w="192" /></phr></stem><stem n=".hdr."><phr n=".hdr."><ent r="4" t="15" w="77" /><ent r="4" t="21" w="194" /></phr></stem><stem n=".slb."><phr n=".slb."><ent r="4" t="15" w="137" /><ent r="4" t="21" w="261" /><ent r="3" t="47" w="278" /><ent r="3" t="47" w="312" /></phr></stem><stem n="now"><phr n="now"><ent r="4" t="15" w="222" /><ent r="3" t="16" w="266" /><ent r="3" t="29" w="293" /><ent r="3" t="30" w="458" /><ent r="3" t="31" w="446" /><ent r="3" t="32" w="249" /><ent r="3" t="32" w="398" /><ent r="4" t="35" w="350" /><ent r="3" t="37" w="486" /><ent r="3" t="45" w="608" /><ent r="4" t="47" w="360" /></phr></stem><stem n="library'"><phr n="library's"><ent r="4" t="15" w="226" /><ent r="4" t="15" w="225" /><ent r="3" t="15" w="237" /><ent r="3" t="15" w="236" /></phr></stem><stem n="twice"><phr n="twice"><ent r="3" t="15" w="240" /></phr></stem><stem n="(be"><phr n="(be"><ent r="3" t="15" w="247" /><ent r="4" t="16" w="61" /></phr></stem><stem n="just"><phr n="just"><ent r="3" t="15" w="249" /><ent r="3" t="23" w="94" /><ent r="4" t="35" w="397" /><ent r="4" t="36" w="521" /><ent r="3" t="41" w="112" /></phr></stem><stem n="highlight"><phr n="highlighted"><ent r="3" t="15" w="253" /><ent r="4" t="16" w="65" /><ent r="4" t="17" w="44" /><ent r="4" t="18" w="70" /><ent r="4" t="19" w="41" /><ent r="4" t="20" w="34" /><ent r="4" t="36" w="344" /><ent r="4" t="36" w="455" /></phr><phr n="Highlight"><ent r="3" t="29" w="266" /><ent r="3" t="30" w="427" /><ent r="3" t="31" w="419" /><ent r="4" t="35" w="321" /><ent r="4" t="35" w="361" /><ent r="4" t="36" w="334" /></phr><phr n="highlight"><ent r="3" t="46" w="239" /><ent r="3" t="47" w="217" /></phr></stem><stem n=":add"><phr n=":add"><ent r="100" t="16" w="11" /></phr></stem><stem n="it'"><phr n="it's"><ent r="4" t="16" w="64" /><ent r="4" t="16" w="63" /><ent r="4" t="18" w="69" /><ent r="4" t="18" w="68" /><ent r="4" t="37" w="469" /><ent r="4" t="37" w="468" /><ent r="4" t="37" w="639" /><ent r="4" t="37" w="638" /><ent r="4" t="38" w="264" /><ent r="4" t="38" w="263" /></phr></stem><stem n="selector"><phr n="Selector"><ent r="3" t="16" w="76" /><ent r="3" t="16" w="259" /><ent r="4" t="35" w="292" /><ent r="3" t="39" w="368" /></phr><phr n="selector"><ent r="3" t="45" w="113" /><ent r="3" t="45" w="153" /><ent r="3" t="45" w="172" /></phr></stem><stem n="import&gt;&gt;"><phr n="Import&gt;&gt;"><ent r="5" t="16" w="85" /><ent r="4" t="29" w="206" /><ent r="4" t="30" w="369" /><ent r="4" t="31" w="361" /></phr></stem><stem n="ctrl"><phr n="Ctrl"><ent r="4" t="16" w="138" /><ent r="4" t="16" w="198" /></phr></stem><stem n="shift"><phr n="Shift"><ent r="4" t="16" w="140" /><ent r="4" t="16" w="200" /></phr></stem><stem n="kei"><phr n="keys"><ent r="4" t="16" w="141" /><ent r="4" t="16" w="201" /></phr></stem><stem n="keyboard"><phr n="keyboard"><ent r="4" t="16" w="144" /><ent r="4" t="16" w="204" /></phr></stem><stem n=":delet"><phr n=":delete"><ent r="100" t="17" w="11" /><ent r="100" t="18" w="9" /></phr></stem><stem n="confirm"><phr n="confirmation"><ent r="4" t="17" w="63" /><ent r="4" t="18" w="91" /><ent r="4" t="32" w="377" /></phr></stem><stem n=":save"><phr n=":save"><ent r="100" t="19" w="8" /><ent r="100" t="20" w="9" /></phr></stem><stem n="directori"><phr n="directory"><ent r="4" t="19" w="67" /><ent r="4" t="20" w="60" /><ent r="4" t="46" w="331" /><ent r="3" t="46" w="362" /><ent r="3" t="46" w="419" /><ent r="4" t="46" w="545" /><ent r="4" t="47" w="316" /><ent r="4" t="47" w="390" /><ent r="3" t="47" w="412" /><ent r="3" t="47" w="469" /></phr></stem><stem n="keep"><phr n="keep"><ent r="3" t="19" w="90" /><ent r="4" t="35" w="651" /><ent r="3" t="39" w="329" /><ent r="3" t="47" w="308" /></phr><phr n="Keep"><ent r="4" t="39" w="336" /></phr><phr n="Keeping"><ent r="3" t="39" w="341" /></phr></stem><stem n="object"><phr n="object"><ent r="3" t="21" w="28" /><ent r="3" t="23" w="148" /></phr><phr n="Object"><ent r="5" t="22" w="111" /></phr><phr n="objective"><ent r="3" t="55" w="144" /></phr></stem><stem n="togeth"><phr n="together"><ent r="3" t="21" w="29" /></phr></stem><stem n="vital"><phr n="vital"><ent r="3" t="21" w="39" /></phr></stem><stem n="analysi"><phr n="analysis"><ent r="3" t="21" w="44" /><ent r="3" t="21" w="86" /><ent r="3" t="55" w="14" /><ent r="4" t="58" w="69" /><ent r="4" t="58" w="76" /></phr><phr n="Analysis"><ent r="4" t="58" w="37" /></phr></stem><stem n="reliabl"><phr n="reliability"><ent r="3" t="21" w="51" /><ent r="3" t="21" w="62" /></phr></stem><stem n="obtain"><phr n="obtained"><ent r="3" t="21" w="55" /><ent r="3" t="55" w="351" /><ent r="3" t="60" w="24" /></phr></stem><stem n="therefor"><phr n="Therefore"><ent r="3" t="21" w="68" /></phr><phr n="therefore"><ent r="3" t="55" w="65" /></phr></stem><stem n="manipul"><phr n="manipulating"><ent r="3" t="21" w="77" /></phr></stem><stem n="ensur"><phr n="ensure"><ent r="3" t="21" w="81" /><ent r="3" t="24" w="165" /><ent r="3" t="39" w="149" /></phr></stem><stem n="task"><phr n="tasks"><ent r="3" t="21" w="97" /></phr></stem><stem n="directli"><phr n="directly"><ent r="3" t="21" w="98" /><ent r="3" t="55" w="361" /><ent r="3" t="57" w="23" /><ent r="3" t="57" w="315" /></phr></stem><stem n="/envi"><phr n="/ENVI"><ent r="4" t="21" w="143" /></phr></stem><stem n="importer/envi"><phr n="Importer/ENVI"><ent r="4" t="21" w="143" /><ent r="4" t="21" w="142" /></phr></stem><stem n="/"><phr n="/"><ent r="4" t="21" w="202" /><ent r="3" t="28" w="173" /><ent r="3" t="45" w="412" /><ent r="3" t="57" w="258" /></phr></stem><stem n="rang"><phr n="Range"><ent r="1000" t="22" w="1" /><ent r="102" t="22" w="4" /><ent r="100" t="22" w="7" /><ent r="3" t="22" w="10" /><ent r="92" t="22" w="20" /><ent r="5" t="22" w="40" /><ent r="92" t="22" w="63" /><ent r="4" t="22" w="76" /></phr><phr n="range"><ent r="3" t="22" w="17" /><ent r="3" t="22" w="83" /><ent r="4" t="22" w="101" /><ent r="3" t="33" w="171" /><ent r="3" t="33" w="177" /><ent r="3" t="45" w="337" /><ent r="3" t="60" w="304" /></phr></stem><stem n="bar"><phr n="bar"><ent r="3" t="22" w="69" /></phr></stem><stem n="right-click"><phr n="right-click"><ent r="3" t="22" w="71" /><ent r="4" t="22" w="104" /><ent r="3" t="34" w="313" /><ent r="4" t="36" w="340" /><ent r="3" t="45" w="289" /><ent r="3" t="45" w="572" /><ent r="4" t="46" w="206" /><ent r="4" t="46" w="523" /><ent r="4" t="47" w="161" /><ent r="4" t="54" w="126" /><ent r="4" t="54" w="150" /></phr><phr n="Right-click"><ent r="4" t="22" w="141" /><ent r="4" t="36" w="451" /></phr><phr n="right-clicking"><ent r="3" t="45" w="264" /></phr></stem><stem n="bottom"><phr n="bottom"><ent r="3" t="22" w="90" /></phr></stem><stem n="-click."><phr n="-click."><ent r="4" t="22" w="106" /><ent r="4" t="22" w="106" /></phr></stem><stem n="graph"><phr n="graph"><ent r="4" t="22" w="121" /></phr><phr n="graphs"><ent r="4" t="22" w="137" /></phr></stem><stem n="move"><phr n="move"><ent r="4" t="22" w="123" /></phr><phr n="moving"><ent r="3" t="50" w="79" /></phr></stem><stem n="up"><phr n="up"><ent r="4" t="22" w="128" /><ent r="3" t="24" w="88" /><ent r="4" t="25" w="155" /><ent r="4" t="35" w="174" /></phr></stem><stem n="possibl"><phr n="possible"><ent r="4" t="22" w="132" /><ent r="3" t="28" w="34" /><ent r="3" t="28" w="74" /><ent r="3" t="28" w="89" /><ent r="3" t="31" w="35" /><ent r="3" t="31" w="76" /><ent r="3" t="31" w="93" /><ent r="3" t="60" w="210" /></phr></stem><stem n="still"><phr n="still"><ent r="4" t="22" w="139" /><ent r="3" t="39" w="176" /></phr></stem><stem n="automat"><phr n="automatically"><ent r="3" t="23" w="65" /><ent r="3" t="25" w="592" /><ent r="3" t="43" w="87" /><ent r="3" t="45" w="225" /><ent r="3" t="46" w="495" /><ent r="3" t="46" w="577" /></phr></stem><stem n="rgb"><phr n="RGB"><ent r="3" t="23" w="68" /></phr></stem><stem n="color"><phr n="color"><ent r="3" t="23" w="77" /><ent r="4" t="33" w="249" /><ent r="4" t="35" w="87" /><ent r="3" t="42" w="133" /><ent r="3" t="42" w="145" /><ent r="3" t="43" w="171" /><ent r="3" t="44" w="269" /><ent r="3" t="44" w="283" /><ent r="3" t="45" w="89" /><ent r="3" t="45" w="92" /><ent r="3" t="45" w="103" /><ent r="3" t="45" w="108" /><ent r="3" t="45" w="112" /><ent r="3" t="45" w="129" /><ent r="3" t="45" w="132" /><ent r="3" t="45" w="143" /><ent r="3" t="45" w="148" /><ent r="3" t="45" w="152" /><ent r="3" t="45" w="167" /><ent r="3" t="45" w="171" /></phr><phr n="colors"><ent r="3" t="39" w="440" /><ent r="3" t="43" w="159" /><ent r="3" t="45" w="36" /></phr><phr n="Color"><ent r="3" t="42" w="140" /><ent r="3" t="43" w="166" /><ent r="3" t="44" w="277" /><ent r="92" t="45" w="77" /><ent r="92" t="45" w="118" /><ent r="92" t="45" w="158" /></phr></stem><stem n="grayscal"><phr n="grayscale"><ent r="3" t="23" w="92" /></phr></stem><stem n="dockabl"><phr n="dockable"><ent r="3" t="23" w="105" /><ent r="3" t="40" w="70" /></phr></stem><stem n="mnf"><phr n="MNF"><ent r="1000" t="24" w="1" /><ent r="102" t="24" w="4" /><ent r="100" t="24" w="12" /><ent r="65" t="24" w="20" /><ent r="3" t="24" w="96" /><ent r="3" t="24" w="116" /><ent r="3" t="24" w="142" /><ent r="64" t="24" w="191" /><ent r="64" t="24" w="195" /><ent r="1000" t="25" w="1" /><ent r="102" t="25" w="4" /><ent r="100" t="25" w="8" /><ent r="66" t="25" w="38" /><ent r="5" t="25" w="220" /><ent r="5" t="25" w="227" /><ent r="3" t="25" w="285" /><ent r="3" t="25" w="311" /><ent r="3" t="25" w="391" /><ent r="3" t="25" w="445" /><ent r="3" t="25" w="550" /><ent r="3" t="25" w="578" /><ent r="64" t="25" w="603" /><ent r="1000" t="26" w="1" /><ent r="102" t="26" w="5" /><ent r="100" t="26" w="9" /><ent r="66" t="26" w="49" /><ent r="4" t="26" w="88" /><ent r="3" t="26" w="124" /><ent r="3" t="26" w="143" /><ent r="64" t="26" w="158" /><ent r="66" t="48" w="116" /><ent r="65" t="49" w="76" /><ent r="3" t="49" w="101" /><ent r="65" t="51" w="24" /><ent r="3" t="51" w="57" /></phr><phr n="mnf"><ent r="5" t="25" w="234" /><ent r="3" t="25" w="576" /></phr></stem><stem n="transform"><phr n="Transform"><ent r="1000" t="24" w="2" /><ent r="102" t="24" w="5" /><ent r="100" t="24" w="10" /><ent r="100" t="24" w="13" /><ent r="3" t="24" w="26" /><ent r="64" t="24" w="193" /><ent r="64" t="24" w="197" /><ent r="1000" t="25" w="2" /><ent r="102" t="25" w="6" /><ent r="100" t="25" w="10" /><ent r="5" t="25" w="34" /><ent r="5" t="25" w="53" /><ent r="64" t="25" w="601" /><ent r="64" t="25" w="605" /><ent r="1000" t="26" w="3" /><ent r="102" t="26" w="7" /><ent r="100" t="26" w="11" /><ent r="5" t="26" w="35" /><ent r="64" t="26" w="156" /><ent r="64" t="26" w="160" /></phr><phr n="transformed"><ent r="3" t="24" w="49" /><ent r="3" t="24" w="63" /><ent r="3" t="24" w="129" /><ent r="4" t="25" w="369" /></phr><phr n="transform"><ent r="3" t="24" w="97" /><ent r="3" t="24" w="112" /><ent r="3" t="24" w="123" /><ent r="3" t="24" w="143" /><ent r="4" t="25" w="19" /><ent r="4" t="25" w="44" /><ent r="5" t="25" w="228" /><ent r="3" t="25" w="286" /><ent r="3" t="25" w="312" /><ent r="4" t="25" w="436" /><ent r="3" t="25" w="463" /><ent r="3" t="25" w="546" /><ent r="4" t="26" w="20" /><ent r="4" t="26" w="55" /><ent r="4" t="26" w="62" /><ent r="4" t="26" w="76" /></phr><phr n="Transforms"><ent r="5" t="25" w="29" /><ent r="5" t="26" w="30" /></phr></stem><stem n="minimum"><phr n="Minimum"><ent r="100" t="24" w="7" /><ent r="3" t="24" w="16" /><ent r="5" t="24" w="22" /><ent r="5" t="25" w="30" /><ent r="6" t="25" w="40" /><ent r="64" t="25" w="598" /><ent r="5" t="26" w="31" /><ent r="6" t="26" w="51" /><ent r="64" t="26" w="153" /><ent r="6" t="48" w="118" /><ent r="5" t="49" w="78" /><ent r="3" t="49" w="82" /><ent r="5" t="51" w="26" /></phr><phr n="minimum"><ent r="4" t="25" w="15" /><ent r="4" t="26" w="16" /><ent r="3" t="38" w="188" /><ent r="3" t="38" w="221" /><ent r="3" t="45" w="466" /><ent r="3" t="45" w="481" /><ent r="3" t="45" w="498" /><ent r="3" t="45" w="513" /></phr></stem><stem n="nois"><phr n="Noise"><ent r="100" t="24" w="8" /><ent r="3" t="24" w="17" /><ent r="5" t="24" w="23" /><ent r="5" t="24" w="44" /><ent r="5" t="25" w="31" /><ent r="6" t="25" w="41" /><ent r="6" t="25" w="363" /><ent r="3" t="25" w="485" /><ent r="64" t="25" w="599" /><ent r="5" t="26" w="32" /><ent r="6" t="26" w="52" /><ent r="64" t="26" w="154" /><ent r="6" t="48" w="119" /><ent r="5" t="49" w="79" /><ent r="3" t="49" w="83" /><ent r="5" t="50" w="23" /><ent r="5" t="51" w="27" /></phr><phr n="noise"><ent r="3" t="24" w="28" /><ent r="3" t="24" w="37" /><ent r="3" t="24" w="85" /><ent r="3" t="24" w="103" /><ent r="4" t="25" w="16" /><ent r="5" t="25" w="73" /><ent r="4" t="25" w="88" /><ent r="4" t="25" w="105" /><ent r="4" t="25" w="121" /><ent r="4" t="25" w="168" /><ent r="3" t="25" w="400" /><ent r="4" t="26" w="17" /><ent r="3" t="48" w="86" /><ent r="3" t="48" w="94" /><ent r="3" t="49" w="35" /><ent r="3" t="49" w="71" /><ent r="3" t="50" w="96" /><ent r="3" t="51" w="30" /><ent r="3" t="51" w="33" /><ent r="3" t="51" w="49" /></phr></stem><stem n="fraction"><phr n="Fraction"><ent r="100" t="24" w="9" /><ent r="3" t="24" w="18" /><ent r="5" t="24" w="24" /><ent r="5" t="25" w="32" /><ent r="6" t="25" w="42" /><ent r="64" t="25" w="600" /><ent r="5" t="26" w="33" /><ent r="6" t="26" w="53" /><ent r="64" t="26" w="155" /><ent r="6" t="48" w="120" /><ent r="5" t="49" w="80" /><ent r="3" t="49" w="84" /><ent r="5" t="51" w="28" /></phr><phr n="fraction"><ent r="4" t="25" w="17" /><ent r="4" t="26" w="18" /></phr></stem><stem n="signal"><phr n="signal"><ent r="3" t="24" w="31" /><ent r="3" t="24" w="35" /></phr><phr n="Signal"><ent r="5" t="24" w="42" /><ent r="6" t="25" w="361" /><ent r="5" t="50" w="21" /></phr></stem><stem n="compon"><phr n="components"><ent r="3" t="24" w="32" /><ent r="3" t="24" w="54" /><ent r="3" t="24" w="75" /><ent r="3" t="24" w="86" /><ent r="3" t="24" w="138" /><ent r="4" t="25" w="370" /><ent r="3" t="25" w="392" /><ent r="3" t="25" w="396" /><ent r="3" t="25" w="410" /><ent r="3" t="26" w="120" /><ent r="3" t="26" w="140" /><ent r="3" t="26" w="148" /><ent r="3" t="37" w="287" /><ent r="3" t="38" w="211" /><ent r="3" t="50" w="15" /><ent r="3" t="50" w="88" /></phr><phr n="Components"><ent r="5" t="25" w="326" /><ent r="3" t="37" w="277" /><ent r="5" t="50" w="39" /><ent r="3" t="50" w="64" /><ent r="4" t="50" w="107" /></phr><phr n="Component"><ent r="4" t="38" w="217" /></phr><phr n="component"><ent r="3" t="38" w="228" /><ent r="3" t="38" w="237" /><ent r="4" t="50" w="56" /><ent r="3" t="50" w="71" /></phr></stem><stem n="maxim"><phr n="maximizing"><ent r="3" t="24" w="33" /></phr><phr n="maximize"><ent r="3" t="55" w="125" /></phr></stem><stem n="ratio"><phr n="ratio"><ent r="3" t="24" w="38" /><ent r="3" t="28" w="116" /></phr><phr n="Ratio"><ent r="5" t="24" w="45" /><ent r="6" t="25" w="364" /><ent r="5" t="50" w="24" /></phr></stem><stem n="snr"><phr n="SNR"><ent r="65" t="24" w="40" /><ent r="3" t="24" w="57" /><ent r="3" t="24" w="137" /><ent r="66" t="25" w="359" /><ent r="5" t="25" w="376" /><ent r="4" t="25" w="521" /><ent r="4" t="25" w="541" /><ent r="1000" t="50" w="1" /><ent r="92" t="50" w="4" /><ent r="65" t="50" w="19" /><ent r="3" t="50" w="28" /><ent r="3" t="50" w="67" /><ent r="3" t="50" w="90" /></phr></stem><stem n="order"><phr n="orders"><ent r="3" t="24" w="52" /><ent r="3" t="24" w="61" /></phr><phr n="order"><ent r="3" t="31" w="90" /></phr></stem><stem n="base"><phr n="based"><ent r="3" t="24" w="55" /><ent r="3" t="24" w="65" /><ent r="3" t="24" w="146" /><ent r="3" t="29" w="183" /><ent r="3" t="30" w="59" /><ent r="3" t="30" w="90" /><ent r="3" t="30" w="343" /><ent r="4" t="31" w="292" /><ent r="4" t="31" w="337" /><ent r="3" t="32" w="44" /><ent r="4" t="35" w="232" /><ent r="3" t="38" w="56" /><ent r="3" t="60" w="43" /></phr></stem><stem n="essenc"><phr n="essence"><ent r="3" t="24" w="59" /></phr></stem><stem n="qualiti"><phr n="quality"><ent r="3" t="24" w="68" /><ent r="3" t="24" w="74" /><ent r="3" t="24" w="135" /><ent r="3" t="24" w="148" /><ent r="3" t="24" w="157" /><ent r="3" t="25" w="383" /><ent r="3" t="34" w="141" /><ent r="4" t="35" w="561" /></phr></stem></index>