﻿<?xml version="1.0" encoding="utf-8"?><index><stem n="same"><phr n="same"><ent r="3" t="3" w="53" /><ent r="3" t="21" w="27" /><ent r="3" t="25" w="566" /><ent r="3" t="32" w="78" /><ent r="3" t="33" w="152" /><ent r="3" t="39" w="455" /><ent r="3" t="39" w="459" /><ent r="3" t="41" w="69" /><ent r="3" t="42" w="82" /><ent r="3" t="44" w="103" /><ent r="3" t="44" w="148" /><ent r="3" t="60" w="28" /></phr></stem><stem n="dgimport"><phr n="DgImporter"><ent r="5" t="3" w="81" /></phr></stem><stem n=".xml"><phr n=".XML"><ent r="4" t="3" w="90" /></phr></stem><stem n="xml"><phr n="XML"><ent r="4" t="3" w="90" /><ent r="3" t="10" w="45" /><ent r="4" t="15" w="106" /><ent r="4" t="21" w="228" /><ent r="3" t="47" w="44" /></phr></stem><stem n="relat"><phr n="Related"><ent r="92" t="3" w="98" /><ent r="92" t="4" w="115" /><ent r="92" t="5" w="148" /><ent r="92" t="6" w="99" /><ent r="92" t="11" w="431" /><ent r="92" t="13" w="209" /><ent r="92" t="14" w="103" /><ent r="92" t="15" w="289" /><ent r="92" t="16" w="275" /><ent r="92" t="17" w="75" /><ent r="92" t="18" w="103" /><ent r="92" t="19" w="121" /><ent r="92" t="20" w="162" /><ent r="92" t="24" w="188" /><ent r="92" t="25" w="595" /><ent r="92" t="26" w="150" /><ent r="92" t="28" w="219" /><ent r="92" t="29" w="486" /><ent r="92" t="30" w="915" /><ent r="92" t="33" w="499" /><ent r="92" t="34" w="404" /><ent r="92" t="35" w="828" /><ent r="92" t="40" w="87" /><ent r="92" t="41" w="135" /><ent r="92" t="42" w="154" /><ent r="92" t="43" w="180" /><ent r="92" t="44" w="292" /><ent r="92" t="45" w="705" /><ent r="92" t="54" w="209" /></phr><phr n="related"><ent r="3" t="57" w="333" /></phr></stem><stem n="topic"><phr n="Topic"><ent r="92" t="3" w="99" /><ent r="92" t="4" w="116" /><ent r="92" t="6" w="100" /><ent r="92" t="13" w="210" /><ent r="92" t="29" w="487" /><ent r="92" t="33" w="500" /><ent r="92" t="41" w="136" /></phr><phr n="Topics"><ent r="92" t="5" w="149" /><ent r="92" t="11" w="432" /><ent r="92" t="14" w="104" /><ent r="92" t="15" w="290" /><ent r="92" t="16" w="276" /><ent r="92" t="17" w="76" /><ent r="92" t="18" w="104" /><ent r="92" t="19" w="122" /><ent r="92" t="20" w="163" /><ent r="92" t="24" w="189" /><ent r="92" t="25" w="596" /><ent r="92" t="26" w="151" /><ent r="92" t="28" w="220" /><ent r="92" t="30" w="916" /><ent r="92" t="34" w="405" /><ent r="92" t="35" w="829" /><ent r="92" t="40" w="88" /><ent r="92" t="42" w="155" /><ent r="92" t="43" w="181" /><ent r="92" t="44" w="293" /><ent r="92" t="45" w="706" /><ent r="92" t="54" w="210" /></phr></stem><stem n=":digit"><phr n=":Digital"><ent r="100" t="4" w="17" /></phr></stem><stem n="tool"><phr n="Tools"><ent r="5" t="4" w="34" /><ent r="5" t="6" w="37" /><ent r="4" t="13" w="147" /><ent r="5" t="14" w="33" /><ent r="5" t="15" w="161" /><ent r="5" t="34" w="59" /><ent r="5" t="34" w="82" /><ent r="4" t="35" w="784" /><ent r="5" t="45" w="49" /></phr><phr n="tools"><ent r="3" t="9" w="27" /><ent r="3" t="33" w="30" /><ent r="3" t="36" w="261" /><ent r="4" t="43" w="40" /><ent r="4" t="44" w="57" /></phr><phr n="tool"><ent r="3" t="13" w="118" /><ent r="3" t="23" w="18" /><ent r="3" t="30" w="31" /><ent r="3" t="30" w="143" /><ent r="5" t="33" w="297" /><ent r="5" t="36" w="43" /><ent r="4" t="36" w="545" /></phr></stem><stem n="expand"><phr n="Expand"><ent r="4" t="4" w="38" /><ent r="4" t="6" w="45" /><ent r="4" t="45" w="52" /></phr><phr n="expanded"><ent r="3" t="29" w="215" /><ent r="3" t="30" w="378" /><ent r="3" t="31" w="370" /></phr><phr n="expand"><ent r="4" t="34" w="80" /><ent r="4" t="35" w="271" /><ent r="4" t="35" w="409" /></phr></stem><stem n="chang"><phr n="change"><ent r="3" t="4" w="47" /><ent r="3" t="4" w="60" /><ent r="3" t="15" w="233" /><ent r="4" t="25" w="342" /><ent r="4" t="29" w="322" /><ent r="4" t="29" w="394" /><ent r="3" t="30" w="333" /><ent r="4" t="30" w="551" /><ent r="4" t="30" w="634" /><ent r="4" t="31" w="519" /><ent r="4" t="31" w="575" /><ent r="3" t="34" w="296" /><ent r="3" t="34" w="305" /><ent r="4" t="36" w="392" /><ent r="3" t="39" w="139" /><ent r="3" t="39" w="173" /><ent r="3" t="41" w="108" /><ent r="3" t="41" w="123" /><ent r="3" t="42" w="143" /><ent r="3" t="43" w="169" /><ent r="3" t="44" w="280" /><ent r="3" t="45" w="31" /><ent r="3" t="45" w="280" /><ent r="3" t="45" w="633" /><ent r="3" t="46" w="305" /><ent r="3" t="46" w="414" /><ent r="3" t="47" w="291" /><ent r="3" t="47" w="298" /><ent r="3" t="47" w="464" /></phr><phr n="changed"><ent r="3" t="5" w="127" /><ent r="3" t="36" w="570" /><ent r="3" t="36" w="585" /><ent r="3" t="45" w="672" /><ent r="3" t="45" w="698" /></phr><phr n="Change"><ent r="5" t="11" w="315" /></phr><phr n="changes"><ent r="3" t="34" w="119" /><ent r="4" t="35" w="643" /><ent r="4" t="36" w="383" /><ent r="3" t="43" w="90" /><ent r="3" t="46" w="274" /><ent r="3" t="46" w="301" /><ent r="3" t="47" w="252" /><ent r="3" t="47" w="275" /></phr><phr n="Changing"><ent r="3" t="34" w="292" /></phr></stem><stem n="default"><phr n="default"><ent r="3" t="4" w="49" /><ent r="3" t="4" w="69" /><ent r="4" t="4" w="100" /><ent r="3" t="5" w="88" /><ent r="3" t="5" w="120" /><ent r="4" t="6" w="64" /><ent r="3" t="29" w="174" /><ent r="4" t="29" w="310" /><ent r="4" t="29" w="334" /><ent r="4" t="29" w="342" /><ent r="4" t="29" w="351" /><ent r="3" t="30" w="328" /><ent r="4" t="30" w="539" /><ent r="4" t="30" w="563" /><ent r="4" t="30" w="571" /><ent r="4" t="30" w="580" /><ent r="4" t="31" w="283" /><ent r="4" t="31" w="507" /><ent r="4" t="31" w="531" /><ent r="4" t="31" w="539" /><ent r="4" t="31" w="548" /><ent r="3" t="32" w="137" /><ent r="3" t="34" w="279" /><ent r="3" t="35" w="446" /><ent r="4" t="35" w="645" /><ent r="4" t="35" w="660" /><ent r="4" t="36" w="394" /><ent r="3" t="36" w="563" /><ent r="3" t="39" w="126" /><ent r="3" t="39" w="142" /><ent r="3" t="41" w="110" /><ent r="3" t="41" w="125" /><ent r="3" t="45" w="33" /><ent r="3" t="45" w="39" /><ent r="3" t="45" w="185" /><ent r="3" t="45" w="659" /><ent r="4" t="45" w="693" /><ent r="3" t="47" w="279" /></phr><phr n="defaults"><ent r="3" t="6" w="25" /><ent r="4" t="6" w="93" /><ent r="4" t="25" w="78" /><ent r="3" t="34" w="31" /></phr></stem><stem n="quickbird-2"><phr n="QuickBird-2"><ent r="3" t="4" w="53" /><ent r="92" t="4" w="107" /></phr></stem><stem n="-2."><phr n="-2."><ent r="3" t="4" w="58" /><ent r="3" t="4" w="58" /></phr></stem><stem n="(you"><phr n="(You"><ent r="3" t="4" w="58" /><ent r="4" t="12" w="146" /><ent r="4" t="16" w="130" /><ent r="4" t="16" w="190" /></phr></stem><stem n="cannot"><phr n="cannot"><ent r="3" t="4" w="59" /><ent r="3" t="11" w="120" /><ent r="3" t="31" w="155" /><ent r="3" t="32" w="62" /></phr></stem><stem n=".)"><phr n=".)"><ent r="3" t="4" w="68" /><ent r="4" t="12" w="152" /><ent r="4" t="16" w="145" /><ent r="4" t="16" w="205" /><ent r="3" t="37" w="693" /></phr></stem><stem n="number"><phr n="numbers"><ent r="3" t="4" w="74" /><ent r="3" t="60" w="361" /></phr><phr n="number"><ent r="4" t="11" w="255" /><ent r="4" t="25" w="333" /><ent r="4" t="25" w="344" /><ent r="4" t="25" w="352" /><ent r="3" t="25" w="419" /><ent r="3" t="25" w="424" /><ent r="4" t="30" w="876" /><ent r="4" t="30" w="887" /><ent r="4" t="30" w="909" /><ent r="3" t="33" w="28" /><ent r="3" t="34" w="183" /><ent r="3" t="34" w="189" /><ent r="4" t="34" w="195" /><ent r="3" t="34" w="201" /><ent r="3" t="35" w="583" /><ent r="4" t="35" w="594" /><ent r="3" t="35" w="606" /><ent r="3" t="37" w="64" /><ent r="3" t="37" w="285" /><ent r="3" t="38" w="243" /><ent r="3" t="39" w="200" /><ent r="3" t="39" w="246" /><ent r="3" t="39" w="313" /><ent r="3" t="48" w="76" /><ent r="3" t="50" w="13" /><ent r="3" t="54" w="40" /><ent r="3" t="54" w="54" /><ent r="3" t="55" w="364" /><ent r="3" t="57" w="52" /><ent r="3" t="60" w="338" /></phr><phr n="Number"><ent r="5" t="25" w="324" /><ent r="5" t="50" w="37" /><ent r="3" t="50" w="62" /><ent r="4" t="50" w="105" /></phr><phr n="numbered"><ent r="3" t="25" w="390" /><ent r="3" t="25" w="395" /><ent r="3" t="25" w="409" /><ent r="3" t="26" w="139" /><ent r="3" t="59" w="20" /></phr><phr n="Numbers"><ent r="3" t="45" w="200" /></phr></stem><stem n="sensor"><phr n="sensor"><ent r="3" t="4" w="81" /><ent r="3" t="4" w="85" /><ent r="3" t="11" w="58" /><ent r="3" t="60" w="101" /><ent r="3" t="60" w="250" /></phr></stem><stem n="radianc"><phr n="radiance"><ent r="3" t="4" w="82" /><ent r="3" t="11" w="36" /><ent r="3" t="11" w="60" /><ent r="3" t="11" w="78" /><ent r="3" t="30" w="244" /><ent r="3" t="55" w="332" /><ent r="3" t="60" w="153" /><ent r="3" t="60" w="357" /></phr><phr n="Radiance"><ent r="3" t="31" w="153" /></phr></stem><stem n="check"><phr n="Check"><ent r="4" t="4" w="92" /><ent r="4" t="6" w="57" /><ent r="4" t="25" w="251" /><ent r="3" t="45" w="305" /></phr><phr n="checked"><ent r="3" t="25" w="309" /><ent r="3" t="32" w="163" /><ent r="3" t="34" w="154" /><ent r="4" t="35" w="488" /><ent r="3" t="36" w="370" /><ent r="3" t="37" w="309" /><ent r="3" t="39" w="361" /></phr><phr n="checking"><ent r="4" t="25" w="372" /><ent r="3" t="39" w="283" /><ent r="3" t="39" w="542" /></phr><phr n="check"><ent r="4" t="29" w="427" /><ent r="4" t="31" w="609" /><ent r="3" t="32" w="149" /><ent r="3" t="34" w="190" /><ent r="3" t="34" w="217" /><ent r="3" t="34" w="251" /><ent r="3" t="34" w="393" /><ent r="3" t="35" w="587" /><ent r="3" t="35" w="618" /><ent r="4" t="35" w="652" /><ent r="3" t="35" w="820" /><ent r="4" t="36" w="404" /><ent r="3" t="39" w="292" /><ent r="3" t="39" w="333" /><ent r="3" t="45" w="212" /><ent r="3" t="45" w="532" /></phr></stem><stem n="want"><phr n="want"><ent r="4" t="4" w="96" /><ent r="4" t="6" w="61" /><ent r="3" t="8" w="263" /><ent r="4" t="9" w="199" /><ent r="4" t="9" w="227" /><ent r="3" t="11" w="364" /><ent r="3" t="11" w="388" /><ent r="4" t="12" w="358" /><ent r="4" t="15" w="189" /><ent r="4" t="16" w="123" /><ent r="4" t="16" w="168" /><ent r="4" t="16" w="183" /><ent r="4" t="16" w="246" /><ent r="4" t="17" w="33" /><ent r="4" t="18" w="63" /><ent r="4" t="19" w="37" /><ent r="4" t="19" w="70" /><ent r="4" t="20" w="30" /><ent r="4" t="20" w="63" /><ent r="4" t="22" w="51" /><ent r="5" t="25" w="245" /><ent r="3" t="26" w="134" /><ent r="3" t="29" w="11" /><ent r="3" t="29" w="98" /><ent r="3" t="29" w="138" /><ent r="3" t="29" w="153" /><ent r="4" t="29" w="401" /><ent r="4" t="29" w="441" /><ent r="3" t="30" w="226" /><ent r="3" t="30" w="307" /><ent r="3" t="30" w="472" /><ent r="3" t="30" w="517" /><ent r="4" t="30" w="642" /><ent r="4" t="30" w="681" /><ent r="3" t="31" w="203" /><ent r="4" t="31" w="266" /><ent r="4" t="31" w="310" /><ent r="4" t="31" w="460" /><ent r="4" t="31" w="500" /><ent r="4" t="31" w="583" /><ent r="4" t="31" w="623" /><ent r="4" t="32" w="124" /><ent r="3" t="32" w="254" /><ent r="4" t="32" w="295" /><ent r="4" t="32" w="358" /><ent r="4" t="35" w="151" /><ent r="4" t="35" w="251" /><ent r="4" t="35" w="456" /><ent r="4" t="35" w="510" /><ent r="3" t="35" w="608" /><ent r="3" t="35" w="638" /><ent r="4" t="35" w="649" /><ent r="4" t="36" w="390" /><ent r="3" t="37" w="366" /><ent r="3" t="37" w="444" /><ent r="3" t="39" w="277" /><ent r="3" t="39" w="305" /><ent r="3" t="39" w="327" /><ent r="3" t="39" w="376" /><ent r="3" t="45" w="648" /><ent r="4" t="46" w="203" /><ent r="3" t="46" w="316" /><ent r="4" t="46" w="333" /><ent r="3" t="46" w="376" /><ent r="3" t="46" w="388" /><ent r="3" t="46" w="400" /><ent r="3" t="46" w="502" /><ent r="4" t="46" w="548" /><ent r="4" t="47" w="319" /><ent r="4" t="47" w="338" /><ent r="4" t="47" w="393" /><ent r="3" t="47" w="426" /><ent r="3" t="47" w="438" /><ent r="3" t="47" w="450" /></phr></stem><stem n="ok"><phr n="OK"><ent r="5" t="4" w="104" /><ent r="5" t="6" w="96" /><ent r="5" t="11" w="336" /><ent r="5" t="12" w="480" /><ent r="5" t="14" w="72" /><ent r="5" t="16" w="253" /><ent r="5" t="20" w="133" /><ent r="5" t="25" w="431" /><ent r="5" t="29" w="454" /><ent r="5" t="30" w="693" /><ent r="5" t="30" w="728" /><ent r="5" t="31" w="634" /><ent r="5" t="32" w="233" /><ent r="5" t="32" w="321" /><ent r="5" t="34" w="104" /><ent r="5" t="35" w="374" /><ent r="5" t="35" w="386" /><ent r="4" t="35" w="670" /><ent r="5" t="35" w="676" /><ent r="5" t="36" w="418" /><ent r="5" t="36" w="499" /><ent r="5" t="37" w="314" /><ent r="5" t="37" w="461" /><ent r="5" t="37" w="596" /><ent r="5" t="37" w="631" /><ent r="5" t="38" w="255" /><ent r="5" t="39" w="356" /><ent r="4" t="39" w="385" /><ent r="5" t="46" w="593" /><ent r="5" t="47" w="405" /><ent r="5" t="48" w="108" /><ent r="4" t="49" w="94" /><ent r="5" t="50" w="100" /></phr></stem><stem n="landsat"><phr n="Landsat"><ent r="1000" t="5" w="1" /><ent r="102" t="5" w="5" /><ent r="100" t="5" w="9" /><ent r="3" t="5" w="16" /><ent r="3" t="5" w="23" /><ent r="3" t="5" w="26" /><ent r="5" t="5" w="65" /><ent r="4" t="5" w="75" /><ent r="3" t="5" w="90" /><ent r="3" t="5" w="130" /><ent r="64" t="5" w="138" /><ent r="64" t="5" w="151" /><ent r="64" t="5" w="156" /><ent r="64" t="5" w="160" /><ent r="1000" t="6" w="1" /><ent r="102" t="6" w="6" /><ent r="100" t="6" w="11" /><ent r="100" t="6" w="17" /><ent r="3" t="6" w="28" /><ent r="5" t="6" w="54" /><ent r="64" t="6" w="102" /><ent r="1000" t="7" w="1" /><ent r="100" t="7" w="7" /><ent r="102" t="7" w="11" /><ent r="3" t="7" w="16" /><ent r="3" t="7" w="21" /><ent r="3" t="7" w="36" /><ent r="3" t="7" w="102" /><ent r="3" t="7" w="112" /><ent r="3" t="7" w="305" /><ent r="3" t="7" w="311" /><ent r="3" t="7" w="324" /><ent r="92" t="7" w="340" /><ent r="5" t="7" w="380" /><ent r="4" t="7" w="406" /><ent r="1000" t="8" w="1" /><ent r="100" t="8" w="7" /><ent r="102" t="8" w="11" /><ent r="3" t="8" w="16" /><ent r="3" t="8" w="21" /><ent r="3" t="8" w="57" /><ent r="3" t="8" w="258" /><ent r="3" t="8" w="266" /><ent r="3" t="8" w="279" /><ent r="92" t="8" w="294" /><ent r="5" t="8" w="331" /><ent r="4" t="8" w="353" /><ent r="1000" t="52" w="1" /><ent r="5" t="52" w="12" /><ent r="1000" t="53" w="1" /><ent r="4" t="53" w="12" /></phr><phr n="landsat"><ent r="4" t="52" w="20" /><ent r="4" t="52" w="26" /><ent r="4" t="53" w="20" /><ent r="4" t="53" w="26" /></phr></stem><stem n="geotiff"><phr n="GeoTIFF"><ent r="1000" t="5" w="2" /><ent r="102" t="5" w="6" /><ent r="100" t="5" w="10" /><ent r="3" t="5" w="17" /><ent r="3" t="5" w="36" /><ent r="5" t="5" w="66" /><ent r="4" t="5" w="76" /><ent r="3" t="5" w="91" /><ent r="64" t="5" w="139" /><ent r="64" t="5" w="152" /><ent r="1000" t="6" w="2" /><ent r="102" t="6" w="7" /><ent r="100" t="6" w="12" /><ent r="100" t="6" w="18" /><ent r="3" t="6" w="29" /><ent r="64" t="6" w="103" /></phr></stem><stem n="5"><phr n="5"><ent r="3" t="5" w="24" /><ent r="3" t="7" w="115" /><ent r="6" t="7" w="231" /><ent r="6" t="7" w="257" /><ent r="6" t="8" w="199" /><ent r="6" t="8" w="225" /><ent r="3" t="8" w="267" /><ent r="4" t="30" w="586" /><ent r="4" t="30" w="593" /><ent r="4" t="30" w="609" /><ent r="4" t="30" w="612" /><ent r="4" t="31" w="553" /><ent r="4" t="31" w="566" /><ent r="4" t="36" w="323" /><ent r="4" t="52" w="44" /></phr></stem><stem n="7"><phr n="7"><ent r="3" t="5" w="27" /><ent r="3" t="7" w="37" /><ent r="3" t="7" w="103" /><ent r="6" t="7" w="269" /><ent r="3" t="7" w="312" /><ent r="6" t="8" w="237" /></phr></stem><stem n="band"><phr n="band"><ent r="3" t="5" w="31" /><ent r="3" t="7" w="58" /><ent r="3" t="7" w="63" /><ent r="3" t="7" w="75" /><ent r="3" t="7" w="99" /><ent r="3" t="7" w="149" /><ent r="3" t="8" w="75" /><ent r="3" t="8" w="93" /><ent r="3" t="8" w="117" /><ent r="3" t="11" w="47" /><ent r="3" t="11" w="49" /><ent r="4" t="12" w="288" /><ent r="3" t="45" w="433" /><ent r="3" t="45" w="455" /><ent r="3" t="55" w="310" /><ent r="3" t="60" w="80" /><ent r="3" t="60" w="254" /><ent r="3" t="60" w="256" /><ent r="3" t="60" w="269" /><ent r="3" t="60" w="271" /><ent r="3" t="60" w="342" /></phr><phr n="bands"><ent r="3" t="7" w="51" /><ent r="3" t="8" w="63" /><ent r="3" t="23" w="32" /><ent r="3" t="24" w="81" /><ent r="3" t="24" w="93" /><ent r="3" t="24" w="176" /><ent r="3" t="24" w="186" /><ent r="4" t="25" w="335" /><ent r="3" t="25" w="427" /><ent r="4" t="39" w="90" /><ent r="4" t="39" w="96" /><ent r="3" t="55" w="64" /><ent r="3" t="57" w="55" /></phr><phr n="Band"><ent r="6" t="7" w="152" /><ent r="6" t="7" w="157" /><ent r="6" t="8" w="120" /><ent r="6" t="8" w="125" /><ent r="3" t="28" w="144" /><ent r="3" t="45" w="199" /></phr></stem><stem n="store"><phr n="stored"><ent r="3" t="5" w="34" /></phr><phr n="store"><ent r="3" t="13" w="40" /><ent r="3" t="13" w="64" /><ent r="3" t="13" w="86" /><ent r="4" t="35" w="395" /></phr></stem><stem n="product"><phr n="Products"><ent r="92" t="5" w="84" /></phr><phr n="products"><ent r="3" t="5" w="95" /><ent r="3" t="5" w="121" /><ent r="3" t="6" w="88" /></phr><phr n="Product"><ent r="4" t="5" w="106" /><ent r="5" t="52" w="35" /></phr><phr n="product"><ent r="4" t="5" w="109" /><ent r="3" t="57" w="175" /></phr></stem><stem n="separ"><phr n="separate"><ent r="3" t="5" w="97" /><ent r="3" t="7" w="83" /><ent r="3" t="7" w="132" /><ent r="3" t="8" w="101" /><ent r="3" t="12" w="515" /><ent r="3" t="40" w="77" /><ent r="3" t="40" w="81" /></phr><phr n="separates"><ent r="3" t="24" w="27" /></phr></stem><stem n="visibl"><phr n="Visible"><ent r="4" t="5" w="100" /><ent r="3" t="7" w="140" /></phr><phr n="visible"><ent r="4" t="6" w="70" /><ent r="3" t="7" w="48" /></phr></stem><stem n="infrar"><phr n="Infrared"><ent r="4" t="5" w="102" /><ent r="3" t="7" w="143" /><ent r="3" t="7" w="147" /></phr><phr n="infrared"><ent r="4" t="6" w="72" /></phr></stem><stem n="vnir"><phr n="VNIR"><ent r="4" t="5" w="103" /><ent r="3" t="7" w="144" /></phr></stem><stem n="(vnir)."><phr n="(VNIR)."><ent r="4" t="5" w="104" /></phr></stem><stem n="temperatur"><phr n="Temperature"><ent r="4" t="5" w="105" /></phr><phr n="temperature"><ent r="4" t="5" w="108" /><ent r="4" t="5" w="112" /><ent r="3" t="55" w="336" /></phr></stem><stem n="degre"><phr n="degrees"><ent r="4" t="5" w="114" /><ent r="4" t="36" w="325" /><ent r="3" t="57" w="160" /><ent r="3" t="57" w="365" /></phr><phr n="degree"><ent r="3" t="57" w="91" /></phr></stem><stem n="kelvin"><phr n="Kelvin"><ent r="4" t="5" w="115" /></phr></stem><stem n="pan"><phr n="PAN"><ent r="4" t="5" w="117" /><ent r="3" t="6" w="76" /></phr><phr n="Pan"><ent r="6" t="7" w="288" /></phr></stem><stem n="page"><phr n="page"><ent r="3" t="5" w="131" /><ent r="4" t="36" w="317" /></phr></stem><stem n="detail"><phr n="details"><ent r="3" t="5" w="145" /></phr></stem><stem n="etm+"><phr n="ETM+"><ent r="64" t="5" w="157" /><ent r="1000" t="7" w="2" /><ent r="100" t="7" w="8" /><ent r="102" t="7" w="12" /><ent r="3" t="7" w="17" /><ent r="3" t="7" w="26" /><ent r="3" t="7" w="44" /><ent r="3" t="7" w="306" /><ent r="3" t="7" w="313" /><ent r="3" t="7" w="325" /><ent r="92" t="7" w="341" /><ent r="5" t="7" w="381" /><ent r="4" t="7" w="407" /></phr></stem><stem n="tm"><phr n="TM"><ent r="64" t="5" w="161" /><ent r="1000" t="8" w="2" /><ent r="100" t="8" w="8" /><ent r="102" t="8" w="12" /><ent r="3" t="8" w="17" /><ent r="3" t="8" w="24" /><ent r="3" t="8" w="58" /><ent r="3" t="8" w="259" /><ent r="3" t="8" w="268" /><ent r="3" t="8" w="280" /><ent r="92" t="8" w="295" /><ent r="5" t="8" w="332" /><ent r="4" t="8" w="354" /><ent r="1000" t="53" w="2" /></phr></stem><stem n=":landsat"><phr n=":Landsat"><ent r="100" t="6" w="17" /></phr></stem><stem n="..."><phr n="..."><ent r="5" t="6" w="43" /><ent r="5" t="7" w="362" /><ent r="5" t="8" w="315" /><ent r="5" t="9" w="118" /><ent r="5" t="11" w="316" /><ent r="5" t="20" w="106" /><ent r="5" t="22" w="30" /><ent r="4" t="29" w="221" /><ent r="5" t="34" w="66" /><ent r="4" t="46" w="100" /><ent r="5" t="47" w="170" /><ent r="5" t="54" w="136" /></phr></stem><stem n="first"><phr n="first"><ent r="4" t="6" w="66" /><ent r="3" t="16" w="33" /><ent r="3" t="24" w="79" /><ent r="3" t="25" w="298" /><ent r="4" t="29" w="26" /><ent r="3" t="29" w="115" /><ent r="3" t="30" w="489" /><ent r="4" t="31" w="218" /><ent r="4" t="31" w="477" /><ent r="4" t="36" w="559" /><ent r="4" t="36" w="599" /><ent r="3" t="45" w="242" /><ent r="82" t="45" w="319" /><ent r="3" t="45" w="340" /><ent r="3" t="45" w="504" /><ent r="3" t="45" w="517" /><ent r="3" t="46" w="64" /></phr></stem><stem n="three"><phr n="three"><ent r="4" t="6" w="67" /></phr></stem><stem n="item"><phr n="items"><ent r="4" t="6" w="68" /></phr><phr n="item"><ent r="4" t="31" w="276" /><ent r="4" t="31" w="326" /><ent r="3" t="32" w="60" /><ent r="4" t="36" w="358" /><ent r="4" t="36" w="470" /><ent r="4" t="36" w="515" /><ent r="3" t="36" w="603" /></phr></stem><stem n="note"><phr n="Note"><ent r="3" t="6" w="74" /><ent r="5" t="17" w="60" /><ent r="3" t="18" w="20" /><ent r="5" t="18" w="88" /><ent r="4" t="26" w="117" /><ent r="4" t="29" w="7" /><ent r="3" t="31" w="199" /><ent r="4" t="35" w="116" /><ent r="5" t="35" w="179" /><ent r="5" t="35" w="405" /><ent r="4" t="35" w="518" /><ent r="5" t="35" w="683" /><ent r="4" t="39" w="77" /><ent r="4" t="39" w="212" /><ent r="4" t="44" w="198" /><ent r="3" t="46" w="475" /><ent r="3" t="55" w="288" /><ent r="3" t="60" w="261" /></phr></stem><stem n="higher"><phr n="higher"><ent r="3" t="6" w="79" /><ent r="3" t="24" w="73" /><ent r="3" t="25" w="394" /><ent r="3" t="26" w="138" /><ent r="3" t="28" w="193" /><ent r="3" t="37" w="99" /><ent r="3" t="38" w="101" /></phr></stem><stem n="resolut"><phr n="resolution"><ent r="3" t="6" w="80" /><ent r="3" t="7" w="56" /><ent r="3" t="8" w="67" /><ent r="3" t="8" w="73" /><ent r="4" t="61" w="31" /></phr></stem><stem n="save"><phr n="save"><ent r="4" t="6" w="91" /><ent r="3" t="11" w="348" /><ent r="3" t="13" w="25" /><ent r="4" t="14" w="92" /><ent r="4" t="15" w="43" /><ent r="4" t="15" w="278" /><ent r="100" t="19" w="8" /><ent r="3" t="19" w="17" /><ent r="4" t="19" w="39" /><ent r="4" t="19" w="72" /><ent r="100" t="20" w="9" /><ent r="4" t="20" w="32" /><ent r="4" t="20" w="65" /><ent r="4" t="21" w="151" /><ent r="4" t="21" w="213" /><ent r="5" t="25" w="203" /><ent r="3" t="37" w="446" /><ent r="3" t="39" w="405" /><ent r="3" t="39" w="529" /><ent r="3" t="46" w="24" /><ent r="4" t="46" w="335" /><ent r="3" t="46" w="504" /><ent r="4" t="46" w="550" /><ent r="3" t="47" w="26" /><ent r="4" t="47" w="321" /><ent r="4" t="47" w="377" /><ent r="4" t="47" w="395" /></phr><phr n="saved"><ent r="4" t="12" w="428" /><ent r="5" t="25" w="226" /><ent r="3" t="25" w="558" /><ent r="3" t="25" w="593" /><ent r="4" t="26" w="47" /><ent r="3" t="26" w="96" /><ent r="3" t="37" w="374" /><ent r="3" t="46" w="429" /><ent r="3" t="47" w="479" /></phr><phr n="Save"><ent r="65" t="13" w="200" /><ent r="65" t="13" w="204" /><ent r="65" t="14" w="97" /><ent r="65" t="15" w="283" /><ent r="64" t="16" w="296" /><ent r="64" t="16" w="300" /><ent r="1000" t="19" w="1" /><ent r="102" t="19" w="12" /><ent r="5" t="19" w="45" /><ent r="5" t="19" w="98" /><ent r="1000" t="20" w="1" /><ent r="102" t="20" w="14" /><ent r="5" t="20" w="38" /><ent r="5" t="20" w="139" /><ent r="5" t="35" w="655" /><ent r="5" t="36" w="407" /><ent r="4" t="46" w="99" /><ent r="4" t="46" w="109" /><ent r="64" t="46" w="183" /><ent r="5" t="46" w="214" /><ent r="4" t="46" w="245" /><ent r="5" t="46" w="355" /><ent r="5" t="46" w="531" /><ent r="4" t="47" w="88" /><ent r="5" t="47" w="167" /><ent r="4" t="47" w="223" /></phr><phr n="saving"><ent r="3" t="46" w="443" /><ent r="3" t="47" w="493" /></phr></stem><stem n="enhanc"><phr n="Enhanced"><ent r="3" t="7" w="22" /></phr><phr n="enhanced"><ent r="3" t="7" w="40" /></phr></stem><stem n="themat"><phr n="Thematic"><ent r="3" t="7" w="23" /><ent r="3" t="8" w="22" /><ent r="3" t="8" w="34" /></phr><phr n="thematic"><ent r="3" t="7" w="41" /></phr></stem><stem n="mapper"><phr n="Mapper"><ent r="3" t="7" w="24" /><ent r="3" t="8" w="23" /><ent r="3" t="8" w="35" /><ent r="1000" t="31" w="3" /><ent r="102" t="31" w="8" /><ent r="100" t="31" w="13" /><ent r="3" t="31" w="20" /><ent r="5" t="31" w="26" /><ent r="92" t="31" w="197" /><ent r="4" t="31" w="254" /><ent r="3" t="31" w="367" /><ent r="3" t="31" w="416" /><ent r="5" t="32" w="31" /><ent r="6" t="36" w="438" /><ent r="6" t="39" w="132" /><ent r="3" t="57" w="11" /><ent r="5" t="57" w="17" /></phr><phr n="mapper"><ent r="3" t="7" w="42" /></phr></stem><stem n="plu"><phr n="Plus"><ent r="3" t="7" w="25" /></phr><phr n="plus"><ent r="3" t="7" w="43" /><ent r="3" t="25" w="572" /></phr></stem><stem n="(etm+)"><phr n="(ETM+)"><ent r="3" t="7" w="27" /><ent r="3" t="7" w="45" /></phr></stem><stem n="earth"><phr n="Earth"><ent r="3" t="7" w="27" /><ent r="3" t="8" w="25" /></phr></stem><stem n="observ"><phr n="Observable"><ent r="3" t="7" w="28" /><ent r="3" t="8" w="26" /></phr><phr n="observe"><ent r="4" t="36" w="287" /></phr><phr n="observation"><ent r="3" t="39" w="29" /></phr><phr n="Observation"><ent r="5" t="52" w="16" /><ent r="4" t="53" w="16" /></phr></stem><stem n="compani"><phr n="Company"><ent r="3" t="7" w="30" /><ent r="3" t="8" w="28" /></phr></stem><stem n="eosat"><phr n="EOSAT"><ent r="3" t="7" w="31" /><ent r="3" t="7" w="317" /><ent r="3" t="8" w="29" /><ent r="3" t="8" w="272" /></phr></stem><stem n="(eosat)"><phr n="(EOSAT)"><ent r="3" t="7" w="32" /><ent r="3" t="8" w="30" /></phr></stem><stem n="fast"><phr n="Fast"><ent r="3" t="7" w="32" /><ent r="3" t="7" w="318" /><ent r="3" t="8" w="30" /><ent r="3" t="8" w="273" /></phr><phr n="fast"><ent r="3" t="7" w="71" /><ent r="3" t="7" w="104" /><ent r="3" t="7" w="109" /><ent r="3" t="8" w="89" /></phr></stem><stem n="carri"><phr n="carries"><ent r="3" t="7" w="38" /></phr></stem><stem n="-m"><phr n="-m"><ent r="3" t="7" w="46" /><ent r="3" t="7" w="46" /><ent r="3" t="7" w="53" /><ent r="3" t="7" w="53" /><ent r="3" t="7" w="60" /><ent r="3" t="7" w="60" /></phr></stem><stem n="30"><phr n="30"><ent r="3" t="7" w="46" /><ent r="3" t="8" w="69" /><ent r="3" t="8" w="80" /></phr></stem><stem n="30-m"><phr n="30-m"><ent r="3" t="7" w="46" /></phr></stem><stem n="m"><phr n="m"><ent r="3" t="7" w="47" /><ent r="3" t="7" w="54" /><ent r="3" t="7" w="61" /></phr><phr n="M"><ent r="3" t="28" w="143" /><ent r="3" t="28" w="159" /><ent r="3" t="28" w="165" /></phr></stem><stem n="ir"><phr n="IR"><ent r="3" t="7" w="50" /><ent r="6" t="7" w="223" /><ent r="6" t="7" w="239" /><ent r="6" t="7" w="260" /><ent r="6" t="7" w="277" /><ent r="6" t="8" w="191" /><ent r="6" t="8" w="207" /><ent r="6" t="8" w="228" /><ent r="6" t="8" w="245" /></phr></stem><stem n="60"><phr n="60"><ent r="3" t="7" w="53" /><ent r="6" t="7" w="189" /><ent r="6" t="8" w="157" /><ent r="6" t="8" w="173" /></phr></stem></index>