﻿<?xml version="1.0" encoding="utf-8"?><index><stem n="edit"><phr n="Edit"><ent r="6" t="1" w="133" /><ent r="6" t="1" w="184" /><ent r="5" t="32" w="302" /><ent r="4" t="32" w="309" /><ent r="5" t="35" w="167" /><ent r="4" t="35" w="501" /><ent r="4" t="35" w="710" /><ent r="5" t="36" w="541" /></phr><phr n="edit"><ent r="3" t="13" w="23" /><ent r="3" t="32" w="36" /><ent r="4" t="32" w="297" /><ent r="4" t="32" w="313" /></phr><phr n="Editing"><ent r="92" t="32" w="260" /></phr><phr n="editing"><ent r="4" t="50" w="44" /></phr></stem><stem n="toolbox"><phr n="Toolbox"><ent r="6" t="1" w="140" /></phr></stem><stem n="anoth"><phr n="another"><ent r="6" t="1" w="146" /><ent r="3" t="37" w="431" /><ent r="3" t="46" w="138" /></phr></stem><stem n="mous"><phr n="mouse"><ent r="6" t="1" w="147" /><ent r="6" t="1" w="241" /><ent r="6" t="1" w="262" /><ent r="4" t="11" w="290" /><ent r="4" t="33" w="347" /><ent r="4" t="36" w="94" /><ent r="3" t="50" w="76" /></phr><phr n="Mouse"><ent r="5" t="22" w="109" /></phr></stem><stem n="aoi"><phr n="AOI"><ent r="6" t="1" w="155" /><ent r="6" t="1" w="159" /><ent r="67" t="1" w="164" /><ent r="67" t="1" w="168" /><ent r="6" t="1" w="174" /><ent r="67" t="1" w="180" /><ent r="6" t="1" w="325" /><ent r="6" t="1" w="339" /><ent r="6" t="1" w="395" /><ent r="6" t="1" w="412" /><ent r="6" t="1" w="427" /><ent r="5" t="12" w="187" /><ent r="5" t="12" w="195" /><ent r="5" t="12" w="208" /><ent r="4" t="12" w="320" /><ent r="3" t="23" w="135" /><ent r="3" t="23" w="141" /><ent r="3" t="28" w="107" /><ent r="3" t="29" w="30" /><ent r="5" t="29" w="93" /><ent r="3" t="29" w="114" /><ent r="4" t="29" w="125" /><ent r="3" t="29" w="136" /><ent r="3" t="30" w="488" /><ent r="3" t="30" w="493" /><ent r="4" t="30" w="504" /><ent r="3" t="30" w="515" /><ent r="3" t="30" w="534" /><ent r="3" t="31" w="111" /><ent r="3" t="31" w="222" /><ent r="4" t="31" w="476" /><ent r="5" t="31" w="487" /><ent r="4" t="31" w="498" /><ent r="3" t="32" w="59" /><ent r="4" t="33" w="78" /><ent r="4" t="33" w="92" /><ent r="4" t="33" w="240" /><ent r="4" t="33" w="276" /><ent r="4" t="33" w="399" /><ent r="4" t="33" w="424" /><ent r="4" t="33" w="438" /><ent r="4" t="34" w="151" /><ent r="3" t="34" w="158" /><ent r="3" t="34" w="172" /><ent r="4" t="35" w="78" /><ent r="4" t="35" w="114" /><ent r="3" t="35" w="122" /><ent r="4" t="35" w="146" /><ent r="4" t="35" w="454" /><ent r="5" t="35" w="464" /><ent r="4" t="35" w="475" /><ent r="5" t="35" w="484" /><ent r="4" t="35" w="499" /><ent r="4" t="35" w="536" /><ent r="4" t="36" w="146" /><ent r="4" t="36" w="171" /><ent r="4" t="36" w="185" /><ent r="4" t="36" w="299" /><ent r="4" t="36" w="304" /><ent r="4" t="36" w="329" /><ent r="3" t="37" w="180" /><ent r="3" t="37" w="185" /><ent r="3" t="37" w="200" /><ent r="64" t="37" w="210" /><ent r="4" t="37" w="399" /><ent r="3" t="37" w="410" /><ent r="92" t="37" w="516" /><ent r="3" t="37" w="525" /><ent r="4" t="37" w="529" /><ent r="4" t="37" w="564" /><ent r="4" t="37" w="617" /><ent r="4" t="37" w="620" /><ent r="3" t="37" w="680" /><ent r="3" t="37" w="686" /><ent r="3" t="38" w="169" /><ent r="3" t="38" w="174" /><ent r="3" t="40" w="71" /><ent r="64" t="40" w="100" /><ent r="64" t="40" w="106" /><ent r="1000" t="43" w="2" /><ent r="1000" t="43" w="6" /><ent r="102" t="43" w="11" /><ent r="102" t="43" w="15" /><ent r="100" t="43" w="20" /><ent r="100" t="43" w="23" /><ent r="100" t="43" w="27" /><ent r="4" t="43" w="31" /><ent r="4" t="43" w="39" /><ent r="4" t="43" w="45" /><ent r="4" t="43" w="64" /><ent r="4" t="43" w="74" /><ent r="3" t="43" w="83" /><ent r="3" t="43" w="95" /><ent r="3" t="43" w="103" /><ent r="3" t="43" w="119" /><ent r="3" t="43" w="126" /><ent r="3" t="43" w="141" /><ent r="3" t="43" w="147" /><ent r="3" t="43" w="151" /><ent r="3" t="43" w="163" /><ent r="1000" t="44" w="3" /><ent r="102" t="44" w="9" /><ent r="100" t="44" w="14" /><ent r="100" t="44" w="18" /><ent r="100" t="44" w="23" /><ent r="3" t="44" w="28" /><ent r="3" t="44" w="38" /><ent r="4" t="44" w="48" /><ent r="4" t="44" w="56" /><ent r="4" t="44" w="62" /><ent r="4" t="44" w="80" /><ent r="3" t="44" w="117" /><ent r="3" t="44" w="130" /><ent r="3" t="44" w="136" /><ent r="3" t="44" w="142" /><ent r="3" t="44" w="149" /><ent r="3" t="44" w="165" /><ent r="3" t="44" w="247" /><ent r="3" t="44" w="262" /><ent r="3" t="44" w="273" /><ent r="92" t="45" w="73" /><ent r="3" t="45" w="80" /><ent r="3" t="45" w="97" /><ent r="92" t="45" w="115" /><ent r="3" t="45" w="121" /><ent r="3" t="45" w="137" /><ent r="5" t="48" w="62" /><ent r="3" t="48" w="92" /><ent r="3" t="48" w="104" /><ent r="3" t="49" w="21" /><ent r="4" t="54" w="117" /><ent r="4" t="54" w="140" /><ent r="4" t="54" w="155" /><ent r="4" t="54" w="166" /><ent r="4" t="54" w="178" /><ent r="5" t="54" w="197" /><ent r="4" t="54" w="202" /></phr></stem><stem n="averag"><phr n="Average"><ent r="6" t="1" w="160" /><ent r="67" t="1" w="169" /><ent r="6" t="1" w="175" /><ent r="67" t="1" w="181" /><ent r="3" t="12" w="9" /><ent r="5" t="12" w="18" /><ent r="5" t="12" w="138" /><ent r="64" t="40" w="107" /><ent r="1000" t="43" w="7" /><ent r="102" t="43" w="16" /><ent r="1000" t="44" w="4" /><ent r="102" t="44" w="10" /><ent r="100" t="44" w="15" /><ent r="100" t="44" w="19" /><ent r="100" t="44" w="24" /><ent r="3" t="44" w="29" /><ent r="4" t="44" w="63" /><ent r="3" t="44" w="248" /><ent r="3" t="44" w="274" /><ent r="92" t="45" w="74" /></phr><phr n="average"><ent r="6" t="1" w="396" /><ent r="6" t="1" w="406" /><ent r="6" t="1" w="426" /><ent r="3" t="12" w="35" /><ent r="3" t="12" w="69" /><ent r="5" t="12" w="201" /><ent r="5" t="12" w="211" /><ent r="5" t="12" w="234" /><ent r="4" t="12" w="284" /><ent r="4" t="12" w="332" /><ent r="4" t="12" w="337" /><ent r="4" t="12" w="472" /><ent r="3" t="30" w="528" /><ent r="4" t="33" w="88" /><ent r="4" t="33" w="129" /><ent r="4" t="33" w="272" /><ent r="4" t="33" w="432" /><ent r="4" t="33" w="448" /><ent r="4" t="33" w="488" /><ent r="3" t="34" w="175" /><ent r="4" t="35" w="110" /><ent r="4" t="35" w="495" /><ent r="4" t="36" w="179" /><ent r="4" t="36" w="195" /><ent r="4" t="36" w="235" /><ent r="4" t="36" w="305" /><ent r="4" t="36" w="330" /><ent r="5" t="36" w="466" /><ent r="4" t="36" w="482" /><ent r="4" t="36" w="518" /><ent r="4" t="43" w="67" /><ent r="3" t="43" w="152" /><ent r="3" t="44" w="33" /><ent r="4" t="44" w="76" /><ent r="3" t="44" w="89" /><ent r="3" t="44" w="112" /><ent r="3" t="44" w="168" /><ent r="3" t="44" w="183" /><ent r="3" t="44" w="263" /><ent r="3" t="45" w="81" /></phr></stem><stem n="librari"><phr n="Library"><ent r="6" t="1" w="186" /><ent r="6" t="1" w="198" /><ent r="6" t="1" w="205" /><ent r="6" t="1" w="217" /><ent r="6" t="1" w="239" /><ent r="6" t="1" w="294" /><ent r="6" t="1" w="366" /><ent r="6" t="1" w="455" /><ent r="3" t="2" w="39" /><ent r="3" t="2" w="45" /><ent r="65" t="2" w="123" /><ent r="65" t="9" w="55" /><ent r="1000" t="10" w="3" /><ent r="102" t="10" w="8" /><ent r="100" t="10" w="15" /><ent r="3" t="10" w="21" /><ent r="3" t="10" w="78" /><ent r="3" t="10" w="98" /><ent r="65" t="10" w="109" /><ent r="3" t="10" w="133" /><ent r="3" t="10" w="142" /><ent r="3" t="10" w="157" /><ent r="4" t="10" w="205" /><ent r="5" t="10" w="221" /><ent r="4" t="10" w="291" /><ent r="4" t="10" w="298" /><ent r="4" t="10" w="311" /><ent r="1000" t="13" w="2" /><ent r="102" t="13" w="6" /><ent r="100" t="13" w="10" /><ent r="3" t="13" w="15" /><ent r="3" t="13" w="33" /><ent r="3" t="13" w="59" /><ent r="3" t="13" w="81" /><ent r="3" t="13" w="114" /><ent r="3" t="13" w="131" /><ent r="4" t="13" w="149" /><ent r="3" t="13" w="155" /><ent r="64" t="13" w="213" /><ent r="1000" t="14" w="5" /><ent r="100" t="14" w="8" /><ent r="102" t="14" w="18" /><ent r="5" t="14" w="36" /><ent r="3" t="14" w="42" /><ent r="4" t="14" w="59" /><ent r="65" t="14" w="88" /><ent r="4" t="14" w="95" /><ent r="65" t="14" w="100" /><ent r="64" t="14" w="107" /><ent r="64" t="14" w="113" /><ent r="64" t="14" w="118" /><ent r="1000" t="15" w="4" /><ent r="100" t="15" w="7" /><ent r="102" t="15" w="16" /><ent r="5" t="15" w="35" /><ent r="4" t="15" w="69" /><ent r="5" t="15" w="82" /><ent r="4" t="15" w="133" /><ent r="5" t="15" w="164" /><ent r="4" t="15" w="219" /><ent r="65" t="15" w="274" /><ent r="4" t="15" w="281" /><ent r="65" t="15" w="286" /><ent r="64" t="15" w="296" /><ent r="64" t="15" w="301" /><ent r="64" t="15" w="304" /><ent r="1000" t="16" w="6" /><ent r="100" t="16" w="9" /><ent r="102" t="16" w="19" /><ent r="4" t="16" w="51" /><ent r="3" t="16" w="271" /><ent r="64" t="16" w="281" /><ent r="64" t="16" w="287" /><ent r="64" t="16" w="294" /><ent r="64" t="16" w="303" /><ent r="64" t="16" w="306" /><ent r="1000" t="17" w="6" /><ent r="100" t="17" w="9" /><ent r="102" t="17" w="21" /><ent r="4" t="17" w="26" /><ent r="64" t="17" w="83" /><ent r="64" t="17" w="88" /><ent r="64" t="17" w="94" /><ent r="64" t="17" w="97" /><ent r="1000" t="18" w="4" /><ent r="100" t="18" w="7" /><ent r="102" t="18" w="15" /><ent r="3" t="18" w="40" /><ent r="4" t="18" w="53" /><ent r="64" t="18" w="109" /><ent r="64" t="18" w="112" /><ent r="100" t="19" w="6" /><ent r="4" t="19" w="29" /><ent r="64" t="19" w="129" /><ent r="64" t="19" w="136" /><ent r="64" t="19" w="139" /><ent r="1000" t="20" w="4" /><ent r="100" t="20" w="7" /><ent r="102" t="20" w="17" /><ent r="4" t="20" w="22" /><ent r="4" t="20" w="100" /><ent r="64" t="20" w="166" /><ent r="64" t="20" w="172" /><ent r="64" t="20" w="178" /><ent r="64" t="20" w="185" /><ent r="1000" t="21" w="2" /><ent r="102" t="21" w="8" /><ent r="64" t="21" w="16" /><ent r="3" t="21" w="89" /><ent r="3" t="21" w="122" /><ent r="3" t="21" w="126" /><ent r="3" t="21" w="134" /><ent r="4" t="21" w="141" /><ent r="4" t="21" w="144" /><ent r="4" t="21" w="184" /><ent r="65" t="21" w="199" /><ent r="65" t="21" w="205" /><ent r="4" t="21" w="255" /><ent r="64" t="27" w="30" /><ent r="1000" t="33" w="2" /><ent r="102" t="33" w="6" /><ent r="100" t="33" w="10" /><ent r="3" t="33" w="15" /><ent r="5" t="33" w="21" /><ent r="64" t="33" w="503" /><ent r="1000" t="34" w="2" /><ent r="102" t="34" w="7" /><ent r="100" t="34" w="12" /><ent r="100" t="34" w="18" /><ent r="3" t="34" w="23" /><ent r="3" t="34" w="35" /><ent r="3" t="34" w="44" /><ent r="5" t="34" w="87" /><ent r="4" t="34" w="92" /><ent r="92" t="34" w="122" /><ent r="3" t="34" w="242" /><ent r="64" t="34" w="408" /><ent r="100" t="35" w="10" /><ent r="64" t="35" w="18" /><ent r="5" t="35" w="25" /><ent r="5" t="35" w="169" /><ent r="4" t="35" w="193" /><ent r="3" t="35" w="200" /><ent r="4" t="35" w="220" /><ent r="4" t="35" w="257" /><ent r="4" t="35" w="392" /><ent r="4" t="35" w="403" /><ent r="5" t="35" w="433" /><ent r="3" t="35" w="439" /><ent r="4" t="35" w="711" /><ent r="4" t="35" w="716" /><ent r="3" t="35" w="760" /><ent r="4" t="35" w="786" /><ent r="4" t="35" w="805" /><ent r="3" t="35" w="823" /><ent r="64" t="35" w="836" /><ent r="100" t="36" w="10" /><ent r="64" t="36" w="18" /><ent r="5" t="36" w="25" /><ent r="65" t="36" w="313" /><ent r="5" t="36" w="543" /><ent r="3" t="46" w="93" /><ent r="64" t="46" w="165" /><ent r="3" t="46" w="179" /><ent r="65" t="46" w="224" /><ent r="1000" t="47" w="3" /><ent r="102" t="47" w="8" /><ent r="100" t="47" w="15" /><ent r="3" t="47" w="21" /><ent r="3" t="47" w="64" /><ent r="3" t="47" w="78" /><ent r="4" t="47" w="90" /><ent r="3" t="47" w="98" /><ent r="92" t="47" w="150" /><ent r="5" t="47" w="169" /><ent r="3" t="47" w="176" /><ent r="64" t="47" w="202" /><ent r="4" t="47" w="243" /><ent r="3" t="47" w="256" /></phr><phr n="library"><ent r="6" t="1" w="228" /><ent r="6" t="1" w="255" /><ent r="6" t="1" w="271" /><ent r="6" t="1" w="319" /><ent r="6" t="1" w="391" /><ent r="6" t="1" w="432" /><ent r="3" t="10" w="32" /><ent r="3" t="10" w="39" /><ent r="3" t="10" w="53" /><ent r="3" t="10" w="65" /><ent r="3" t="10" w="71" /><ent r="3" t="10" w="87" /><ent r="3" t="10" w="232" /><ent r="4" t="10" w="250" /><ent r="4" t="10" w="261" /><ent r="4" t="10" w="276" /><ent r="3" t="13" w="30" /><ent r="65" t="13" w="171" /><ent r="65" t="13" w="176" /><ent r="65" t="13" w="183" /><ent r="65" t="13" w="190" /><ent r="65" t="13" w="195" /><ent r="65" t="13" w="207" /><ent r="100" t="14" w="12" /><ent r="4" t="14" w="68" /><ent r="4" t="14" w="80" /><ent r="100" t="15" w="11" /><ent r="3" t="15" w="30" /><ent r="4" t="15" w="47" /><ent r="4" t="15" w="59" /><ent r="4" t="15" w="94" /><ent r="4" t="15" w="101" /><ent r="4" t="15" w="113" /><ent r="4" t="15" w="124" /><ent r="3" t="15" w="146" /><ent r="4" t="15" w="186" /><ent r="4" t="15" w="225" /><ent r="3" t="15" w="236" /><ent r="4" t="15" w="266" /><ent r="3" t="16" w="30" /><ent r="64" t="16" w="38" /><ent r="4" t="16" w="56" /><ent r="4" t="16" w="129" /><ent r="4" t="16" w="189" /><ent r="100" t="17" w="14" /><ent r="4" t="17" w="38" /><ent r="4" t="17" w="58" /><ent r="100" t="18" w="10" /><ent r="3" t="18" w="25" /><ent r="3" t="18" w="47" /><ent r="4" t="18" w="61" /><ent r="4" t="18" w="79" /><ent r="3" t="19" w="24" /><ent r="100" t="20" w="12" /><ent r="4" t="20" w="28" /><ent r="4" t="20" w="67" /><ent r="4" t="20" w="130" /><ent r="3" t="21" w="32" /><ent r="4" t="21" w="155" /><ent r="4" t="21" w="162" /><ent r="4" t="21" w="216" /><ent r="4" t="21" w="223" /><ent r="4" t="21" w="235" /><ent r="4" t="21" w="246" /><ent r="3" t="28" w="68" /><ent r="3" t="28" w="97" /><ent r="3" t="30" w="395" /><ent r="3" t="31" w="70" /><ent r="3" t="31" w="101" /><ent r="3" t="31" w="181" /><ent r="3" t="32" w="148" /><ent r="4" t="32" w="154" /><ent r="3" t="32" w="170" /><ent r="4" t="33" w="60" /><ent r="4" t="33" w="71" /><ent r="4" t="33" w="84" /><ent r="4" t="33" w="104" /><ent r="4" t="33" w="113" /><ent r="4" t="33" w="124" /><ent r="4" t="33" w="133" /><ent r="4" t="33" w="143" /><ent r="3" t="33" w="159" /><ent r="3" t="33" w="166" /><ent r="4" t="33" w="233" /><ent r="4" t="33" w="340" /><ent r="4" t="33" w="390" /><ent r="4" t="33" w="479" /><ent r="4" t="33" w="492" /><ent r="3" t="34" w="354" /><ent r="3" t="34" w="376" /><ent r="4" t="35" w="71" /><ent r="4" t="35" w="177" /><ent r="4" t="35" w="182" /><ent r="4" t="35" w="382" /><ent r="4" t="35" w="576" /><ent r="4" t="35" w="688" /><ent r="4" t="35" w="700" /><ent r="4" t="36" w="87" /><ent r="4" t="36" w="137" /><ent r="4" t="36" w="226" /><ent r="4" t="36" w="239" /><ent r="4" t="36" w="294" /><ent r="4" t="36" w="337" /><ent r="4" t="36" w="535" /><ent r="3" t="46" w="160" /><ent r="4" t="46" w="552" /><ent r="3" t="47" w="31" /><ent r="3" t="47" w="38" /><ent r="3" t="47" w="59" /><ent r="3" t="47" w="120" /><ent r="92" t="47" w="145" /><ent r="3" t="47" w="191" /><ent r="3" t="47" w="215" /><ent r="3" t="47" w="287" /><ent r="3" t="57" w="347" /></phr><phr n="Libraries"><ent r="4" t="16" w="59" /><ent r="3" t="47" w="207" /></phr><phr n="libraries"><ent r="3" t="18" w="35" /><ent r="4" t="18" w="86" /><ent r="4" t="20" w="48" /><ent r="3" t="31" w="141" /><ent r="3" t="40" w="38" /><ent r="3" t="57" w="312" /></phr></stem><stem n="add"><phr n="add"><ent r="6" t="1" w="189" /><ent r="4" t="14" w="76" /><ent r="4" t="15" w="262" /><ent r="100" t="16" w="11" /><ent r="3" t="16" w="25" /><ent r="4" t="16" w="125" /><ent r="4" t="16" w="170" /><ent r="4" t="16" w="185" /><ent r="4" t="16" w="248" /><ent r="4" t="35" w="253" /><ent r="4" t="35" w="377" /><ent r="4" t="35" w="720" /><ent r="4" t="36" w="529" /><ent r="3" t="45" w="570" /></phr><phr n="Add"><ent r="5" t="2" w="137" /><ent r="5" t="2" w="201" /><ent r="5" t="9" w="71" /><ent r="5" t="9" w="116" /><ent r="5" t="10" w="125" /><ent r="5" t="10" w="174" /><ent r="65" t="13" w="178" /><ent r="65" t="14" w="83" /><ent r="65" t="15" w="269" /><ent r="1000" t="16" w="1" /><ent r="102" t="16" w="14" /><ent r="5" t="16" w="70" /><ent r="64" t="17" w="78" /><ent r="64" t="19" w="124" /><ent r="64" t="20" w="180" /><ent r="4" t="33" w="136" /><ent r="5" t="35" w="210" /><ent r="5" t="36" w="511" /><ent r="4" t="36" w="516" /><ent r="4" t="45" w="596" /></phr></stem><stem n="remov"><phr n="remove"><ent r="6" t="1" w="193" /><ent r="3" t="24" w="102" /><ent r="3" t="30" w="291" /><ent r="4" t="33" w="137" /><ent r="4" t="39" w="87" /></phr><phr n="Remove"><ent r="65" t="13" w="185" /><ent r="65" t="13" w="192" /><ent r="5" t="17" w="49" /><ent r="4" t="17" w="72" /></phr><phr n="removed"><ent r="4" t="17" w="55" /><ent r="4" t="18" w="81" /><ent r="3" t="54" w="77" /></phr><phr n="removes"><ent r="3" t="18" w="27" /><ent r="3" t="37" w="282" /></phr><phr n="removing"><ent r="4" t="39" w="94" /><ent r="3" t="60" w="258" /><ent r="3" t="60" w="349" /></phr></stem><stem n="slm"><phr n="SLM"><ent r="67" t="1" w="200" /><ent r="67" t="1" w="222" /><ent r="67" t="1" w="313" /><ent r="67" t="1" w="385" /><ent r="67" t="1" w="474" /><ent r="65" t="33" w="18" /><ent r="3" t="33" w="187" /><ent r="3" t="33" w="283" /><ent r="64" t="34" w="411" /><ent r="64" t="34" w="415" /><ent r="1000" t="35" w="1" /><ent r="102" t="35" w="5" /><ent r="65" t="35" w="22" /><ent r="3" t="35" w="127" /><ent r="3" t="35" w="133" /><ent r="64" t="35" w="831" /><ent r="1000" t="36" w="1" /><ent r="102" t="36" w="5" /><ent r="65" t="36" w="22" /><ent r="92" t="36" w="250" /></phr></stem><stem n="simpl"><phr n="Simple"><ent r="67" t="1" w="201" /><ent r="92" t="33" w="183" /><ent r="64" t="34" w="412" /><ent r="1000" t="35" w="2" /><ent r="102" t="35" w="6" /><ent r="3" t="35" w="128" /></phr><phr n="simple"><ent r="64" t="33" w="193" /><ent r="3" t="33" w="223" /><ent r="100" t="35" w="12" /><ent r="3" t="35" w="32" /><ent r="3" t="35" w="61" /><ent r="3" t="35" w="136" /><ent r="3" t="36" w="32" /><ent r="64" t="36" w="273" /></phr></stem><stem n="interfac"><phr n="Interface"><ent r="67" t="1" w="202" /><ent r="67" t="1" w="224" /><ent r="67" t="1" w="315" /><ent r="67" t="1" w="387" /><ent r="67" t="1" w="476" /><ent r="92" t="33" w="184" /><ent r="92" t="33" w="280" /><ent r="64" t="34" w="413" /><ent r="64" t="34" w="417" /><ent r="1000" t="35" w="3" /><ent r="102" t="35" w="7" /><ent r="3" t="35" w="129" /><ent r="64" t="35" w="833" /><ent r="1000" t="36" w="3" /><ent r="102" t="36" w="7" /><ent r="92" t="36" w="252" /></phr><phr n="interface"><ent r="64" t="33" w="194" /><ent r="3" t="33" w="208" /><ent r="3" t="33" w="224" /><ent r="64" t="33" w="293" /><ent r="3" t="33" w="326" /><ent r="100" t="35" w="13" /><ent r="3" t="35" w="33" /><ent r="3" t="35" w="46" /><ent r="3" t="35" w="62" /><ent r="3" t="35" w="137" /><ent r="100" t="36" w="13" /><ent r="3" t="36" w="33" /><ent r="3" t="36" w="39" /><ent r="3" t="36" w="73" /><ent r="3" t="36" w="260" /><ent r="64" t="36" w="274" /><ent r="4" t="36" w="430" /></phr></stem><stem n="match"><phr n="Match"><ent r="6" t="1" w="206" /><ent r="6" t="1" w="218" /><ent r="6" t="1" w="240" /><ent r="6" t="1" w="295" /><ent r="6" t="1" w="367" /><ent r="6" t="1" w="456" /><ent r="64" t="27" w="31" /><ent r="1000" t="33" w="3" /><ent r="102" t="33" w="7" /><ent r="100" t="33" w="11" /><ent r="3" t="33" w="16" /><ent r="5" t="33" w="22" /><ent r="64" t="33" w="504" /><ent r="1000" t="34" w="3" /><ent r="102" t="34" w="8" /><ent r="100" t="34" w="13" /><ent r="100" t="34" w="19" /><ent r="3" t="34" w="24" /><ent r="3" t="34" w="36" /><ent r="3" t="34" w="45" /><ent r="5" t="34" w="88" /><ent r="4" t="34" w="93" /><ent r="92" t="34" w="123" /><ent r="4" t="34" w="147" /><ent r="64" t="34" w="409" /><ent r="100" t="35" w="11" /><ent r="64" t="35" w="19" /><ent r="5" t="35" w="26" /><ent r="4" t="35" w="194" /><ent r="5" t="35" w="434" /><ent r="3" t="35" w="440" /><ent r="5" t="35" w="480" /><ent r="4" t="35" w="532" /><ent r="5" t="35" w="548" /><ent r="4" t="35" w="717" /><ent r="3" t="35" w="761" /><ent r="4" t="35" w="787" /><ent r="4" t="35" w="806" /><ent r="3" t="35" w="824" /><ent r="64" t="35" w="837" /><ent r="100" t="36" w="11" /><ent r="64" t="36" w="19" /><ent r="5" t="36" w="26" /><ent r="65" t="36" w="314" /></phr><phr n="matches"><ent r="6" t="1" w="229" /><ent r="6" t="1" w="256" /><ent r="6" t="1" w="320" /><ent r="6" t="1" w="331" /><ent r="6" t="1" w="392" /><ent r="6" t="1" w="403" /><ent r="3" t="28" w="91" /><ent r="3" t="31" w="95" /><ent r="3" t="32" w="208" /><ent r="3" t="32" w="212" /><ent r="4" t="33" w="61" /><ent r="4" t="33" w="72" /><ent r="4" t="33" w="85" /><ent r="4" t="33" w="105" /><ent r="4" t="33" w="114" /><ent r="4" t="33" w="269" /><ent r="4" t="33" w="341" /><ent r="4" t="33" w="364" /><ent r="4" t="33" w="376" /><ent r="4" t="33" w="391" /><ent r="4" t="33" w="414" /><ent r="4" t="33" w="429" /><ent r="4" t="33" w="461" /><ent r="3" t="34" w="185" /><ent r="3" t="34" w="206" /><ent r="3" t="34" w="374" /><ent r="4" t="35" w="107" /><ent r="4" t="35" w="577" /><ent r="3" t="35" w="585" /><ent r="4" t="35" w="591" /><ent r="3" t="35" w="613" /><ent r="4" t="35" w="623" /><ent r="3" t="35" w="752" /><ent r="4" t="36" w="88" /><ent r="4" t="36" w="111" /><ent r="4" t="36" w="123" /><ent r="4" t="36" w="138" /><ent r="4" t="36" w="161" /><ent r="4" t="36" w="176" /><ent r="4" t="36" w="208" /><ent r="4" t="36" w="295" /><ent r="4" t="36" w="306" /><ent r="4" t="36" w="331" /><ent r="3" t="55" w="174" /><ent r="3" t="59" w="28" /><ent r="3" t="59" w="63" /></phr><phr n="match"><ent r="6" t="1" w="272" /><ent r="6" t="1" w="288" /><ent r="6" t="1" w="299" /><ent r="6" t="1" w="360" /><ent r="6" t="1" w="371" /><ent r="6" t="1" w="433" /><ent r="6" t="1" w="449" /><ent r="6" t="1" w="460" /><ent r="3" t="28" w="141" /><ent r="4" t="30" w="838" /><ent r="4" t="30" w="899" /><ent r="3" t="32" w="52" /><ent r="4" t="33" w="122" /><ent r="4" t="33" w="234" /><ent r="4" t="33" w="257" /><ent r="5" t="33" w="312" /><ent r="5" t="33" w="322" /><ent r="4" t="33" w="453" /><ent r="4" t="33" w="477" /><ent r="3" t="34" w="140" /><ent r="3" t="34" w="160" /><ent r="3" t="34" w="173" /><ent r="3" t="34" w="216" /><ent r="3" t="34" w="351" /><ent r="4" t="35" w="72" /><ent r="4" t="35" w="95" /><ent r="4" t="35" w="470" /><ent r="4" t="35" w="493" /><ent r="4" t="35" w="560" /><ent r="5" t="36" w="58" /><ent r="5" t="36" w="68" /><ent r="4" t="36" w="200" /><ent r="4" t="36" w="224" /><ent r="3" t="57" w="158" /><ent r="3" t="60" w="16" /></phr><phr n="matched"><ent r="6" t="1" w="284" /><ent r="6" t="1" w="356" /><ent r="6" t="1" w="445" /><ent r="3" t="30" w="52" /><ent r="3" t="32" w="241" /><ent r="3" t="55" w="114" /></phr><phr n="matching"><ent r="3" t="28" w="81" /><ent r="3" t="30" w="123" /><ent r="4" t="30" w="912" /><ent r="3" t="31" w="83" /><ent r="3" t="35" w="733" /></phr><phr n="Matched"><ent r="92" t="34" w="331" /><ent r="3" t="36" w="373" /></phr><phr n="Matching"><ent r="4" t="35" w="221" /></phr></stem><stem n="result"><phr n="Results"><ent r="6" t="1" w="207" /><ent r="6" t="1" w="219" /><ent r="6" t="1" w="296" /><ent r="6" t="1" w="368" /><ent r="6" t="1" w="457" /><ent r="5" t="30" w="841" /><ent r="3" t="34" w="243" /><ent r="4" t="34" w="255" /><ent r="4" t="35" w="788" /><ent r="4" t="35" w="807" /><ent r="3" t="35" w="825" /><ent r="4" t="39" w="338" /><ent r="82" t="39" w="507" /></phr><phr n="results"><ent r="4" t="12" w="426" /><ent r="3" t="21" w="54" /><ent r="3" t="24" w="151" /><ent r="3" t="28" w="213" /><ent r="4" t="29" w="319" /><ent r="4" t="29" w="324" /><ent r="3" t="30" w="49" /><ent r="3" t="30" w="155" /><ent r="4" t="30" w="548" /><ent r="4" t="30" w="553" /><ent r="3" t="30" w="789" /><ent r="4" t="30" w="857" /><ent r="4" t="31" w="516" /><ent r="4" t="31" w="521" /><ent r="5" t="33" w="306" /><ent r="5" t="33" w="313" /><ent r="4" t="33" w="383" /><ent r="4" t="33" w="483" /><ent r="4" t="33" w="496" /><ent r="3" t="34" w="233" /><ent r="3" t="34" w="248" /><ent r="3" t="34" w="265" /><ent r="3" t="34" w="274" /><ent r="3" t="34" w="288" /><ent r="3" t="34" w="302" /><ent r="3" t="34" w="311" /><ent r="3" t="35" w="762" /><ent r="3" t="35" w="767" /><ent r="5" t="36" w="52" /><ent r="5" t="36" w="59" /><ent r="4" t="36" w="130" /><ent r="4" t="36" w="230" /><ent r="4" t="36" w="243" /><ent r="4" t="36" w="459" /><ent r="3" t="37" w="489" /><ent r="3" t="37" w="508" /><ent r="3" t="37" w="655" /><ent r="3" t="37" w="668" /><ent r="3" t="39" w="210" /><ent r="3" t="39" w="253" /><ent r="3" t="39" w="263" /><ent r="3" t="39" w="332" /><ent r="3" t="39" w="344" /><ent r="3" t="39" w="351" /><ent r="3" t="39" w="408" /><ent r="3" t="39" w="417" /><ent r="3" t="39" w="428" /><ent r="3" t="39" w="444" /><ent r="3" t="39" w="466" /><ent r="3" t="39" w="475" /><ent r="3" t="39" w="500" /><ent r="3" t="39" w="550" /><ent r="3" t="49" w="85" /><ent r="3" t="54" w="67" /><ent r="3" t="57" w="152" /><ent r="3" t="57" w="375" /><ent r="3" t="59" w="46" /><ent r="3" t="59" w="77" /><ent r="3" t="59" w="105" /></phr><phr n="result"><ent r="3" t="24" w="71" /><ent r="4" t="29" w="369" /><ent r="4" t="30" w="605" /><ent r="4" t="31" w="562" /><ent r="3" t="57" w="145" /><ent r="3" t="57" w="307" /></phr><phr n="resulting"><ent r="4" t="54" w="111" /></phr></stem><stem n="advanc"><phr n="Advanced"><ent r="67" t="1" w="223" /><ent r="67" t="1" w="314" /><ent r="67" t="1" w="386" /><ent r="67" t="1" w="475" /><ent r="3" t="2" w="20" /><ent r="92" t="33" w="278" /><ent r="64" t="34" w="416" /><ent r="64" t="35" w="832" /><ent r="1000" t="36" w="2" /><ent r="102" t="36" w="6" /><ent r="92" t="36" w="251" /></phr><phr n="advanced"><ent r="64" t="33" w="291" /><ent r="100" t="36" w="12" /><ent r="3" t="36" w="37" /><ent r="3" t="36" w="72" /><ent r="3" t="36" w="259" /></phr></stem><stem n="find"><phr n="Find"><ent r="6" t="1" w="226" /><ent r="6" t="1" w="237" /><ent r="6" t="1" w="317" /><ent r="6" t="1" w="389" /><ent r="4" t="33" w="56" /><ent r="4" t="33" w="67" /><ent r="4" t="33" w="80" /><ent r="4" t="33" w="229" /><ent r="4" t="33" w="266" /><ent r="4" t="33" w="336" /><ent r="4" t="33" w="386" /><ent r="4" t="33" w="426" /><ent r="4" t="35" w="67" /><ent r="4" t="35" w="104" /><ent r="4" t="36" w="83" /><ent r="4" t="36" w="133" /><ent r="4" t="36" w="173" /><ent r="4" t="36" w="279" /><ent r="4" t="36" w="303" /><ent r="4" t="36" w="328" /></phr><phr n="finds"><ent r="6" t="1" w="253" /></phr><phr n="find"><ent r="6" t="1" w="328" /><ent r="6" t="1" w="400" /></phr><phr n="finding"><ent r="3" t="34" w="347" /></phr></stem></index>